mode: set
github.com/JackMatanky/lithos/cmd/lithos/main.go:58.69,74.2 2 0
github.com/JackMatanky/lithos/cmd/lithos/main.go:77.66,78.27 1 0
github.com/JackMatanky/lithos/cmd/lithos/main.go:78.27,90.17 4 0
github.com/JackMatanky/lithos/cmd/lithos/main.go:90.17,92.4 1 0
github.com/JackMatanky/lithos/cmd/lithos/main.go:93.3,93.67 1 0
github.com/JackMatanky/lithos/cmd/lithos/main.go:93.67,95.4 1 0
github.com/JackMatanky/lithos/cmd/lithos/main.go:96.3,96.26 1 0
github.com/JackMatanky/lithos/cmd/lithos/main.go:98.2,98.28 1 0
github.com/JackMatanky/lithos/cmd/lithos/main.go:102.58,103.22 1 0
github.com/JackMatanky/lithos/cmd/lithos/main.go:103.22,105.17 2 0
github.com/JackMatanky/lithos/cmd/lithos/main.go:105.17,107.4 1 0
github.com/JackMatanky/lithos/cmd/lithos/main.go:108.3,114.17 3 0
github.com/JackMatanky/lithos/cmd/lithos/main.go:114.17,116.4 1 0
github.com/JackMatanky/lithos/cmd/lithos/main.go:117.3,117.22 1 0
github.com/JackMatanky/lithos/cmd/lithos/main.go:119.2,119.23 1 0
github.com/JackMatanky/lithos/cmd/lithos/main.go:123.63,124.29 1 0
github.com/JackMatanky/lithos/cmd/lithos/main.go:124.29,130.3 1 0
github.com/JackMatanky/lithos/cmd/lithos/main.go:131.2,131.25 1 0
github.com/JackMatanky/lithos/cmd/lithos/main.go:135.74,136.29 1 0
github.com/JackMatanky/lithos/cmd/lithos/main.go:136.29,138.3 1 0
github.com/JackMatanky/lithos/cmd/lithos/main.go:139.2,139.25 1 0
github.com/JackMatanky/lithos/cmd/lithos/main.go:143.83,144.33 1 0
github.com/JackMatanky/lithos/cmd/lithos/main.go:144.33,146.17 2 0
github.com/JackMatanky/lithos/cmd/lithos/main.go:146.17,148.4 1 0
github.com/JackMatanky/lithos/cmd/lithos/main.go:149.3,153.4 1 0
github.com/JackMatanky/lithos/cmd/lithos/main.go:155.2,155.34 1 0
github.com/JackMatanky/lithos/cmd/lithos/main.go:159.65,160.27 1 0
github.com/JackMatanky/lithos/cmd/lithos/main.go:160.27,162.3 1 0
github.com/JackMatanky/lithos/cmd/lithos/main.go:164.2,165.16 2 0
github.com/JackMatanky/lithos/cmd/lithos/main.go:165.16,167.3 1 0
github.com/JackMatanky/lithos/cmd/lithos/main.go:169.2,170.16 2 0
github.com/JackMatanky/lithos/cmd/lithos/main.go:170.16,172.3 1 0
github.com/JackMatanky/lithos/cmd/lithos/main.go:174.2,175.16 2 0
github.com/JackMatanky/lithos/cmd/lithos/main.go:175.16,177.3 1 0
github.com/JackMatanky/lithos/cmd/lithos/main.go:179.2,191.28 2 0
github.com/JackMatanky/lithos/cmd/lithos/main.go:196.69,197.30 1 0
github.com/JackMatanky/lithos/cmd/lithos/main.go:197.30,199.17 2 0
github.com/JackMatanky/lithos/cmd/lithos/main.go:199.17,201.4 1 0
github.com/JackMatanky/lithos/cmd/lithos/main.go:202.3,202.55 1 0
github.com/JackMatanky/lithos/cmd/lithos/main.go:202.55,204.4 1 0
github.com/JackMatanky/lithos/cmd/lithos/main.go:206.3,214.4 1 0
github.com/JackMatanky/lithos/cmd/lithos/main.go:216.2,216.31 1 0
github.com/JackMatanky/lithos/cmd/lithos/main.go:220.31,221.22 1 0
github.com/JackMatanky/lithos/cmd/lithos/main.go:221.22,223.3 1 0
github.com/JackMatanky/lithos/cmd/lithos/main.go:224.2,224.23 1 0
github.com/JackMatanky/lithos/cmd/lithos/main.go:224.23,231.3 3 0
github.com/JackMatanky/lithos/cmd/lithos/main.go:235.65,236.27 1 0
github.com/JackMatanky/lithos/cmd/lithos/main.go:236.27,238.3 1 0
github.com/JackMatanky/lithos/cmd/lithos/main.go:239.2,240.16 2 0
github.com/JackMatanky/lithos/cmd/lithos/main.go:240.16,242.3 1 0
github.com/JackMatanky/lithos/cmd/lithos/main.go:243.2,243.63 1 0
github.com/JackMatanky/lithos/cmd/lithos/main.go:243.63,245.3 1 0
github.com/JackMatanky/lithos/cmd/lithos/main.go:246.2,253.28 2 0
github.com/JackMatanky/lithos/cmd/lithos/main.go:256.13,257.50 1 0
github.com/JackMatanky/lithos/cmd/lithos/main.go:257.50,260.3 2 0
github.com/JackMatanky/lithos/cmd/lithos/main.go:263.37,266.16 3 0
github.com/JackMatanky/lithos/cmd/lithos/main.go:266.16,268.3 1 0
github.com/JackMatanky/lithos/cmd/lithos/main.go:269.2,271.30 2 0
github.com/JackMatanky/lithos/cmd/lithos/main.go:277.41,279.16 2 0
github.com/JackMatanky/lithos/cmd/lithos/main.go:279.16,281.3 1 0
github.com/JackMatanky/lithos/cmd/lithos/main.go:282.2,289.16 4 0
github.com/JackMatanky/lithos/cmd/lithos/main.go:289.16,291.3 1 0
github.com/JackMatanky/lithos/cmd/lithos/main.go:293.2,293.45 1 0
github.com/JackMatanky/lithos/cmd/lithos/main.go:300.30,302.16 2 0
github.com/JackMatanky/lithos/cmd/lithos/main.go:302.16,304.3 1 0
github.com/JackMatanky/lithos/cmd/lithos/main.go:306.2,306.20 1 0
github.com/JackMatanky/lithos/cmd/lithos/main.go:306.20,308.3 1 0
github.com/JackMatanky/lithos/cmd/lithos/main.go:310.2,311.16 2 0
github.com/JackMatanky/lithos/cmd/lithos/main.go:311.16,314.3 2 0
github.com/JackMatanky/lithos/cmd/lithos/main.go:316.2,319.16 3 0
github.com/JackMatanky/lithos/cmd/lithos/main.go:319.16,322.3 2 0
github.com/JackMatanky/lithos/cmd/lithos/main.go:324.2,325.16 2 0
github.com/JackMatanky/lithos/cmd/lithos/main.go:325.16,329.3 3 0
github.com/JackMatanky/lithos/cmd/lithos/main.go:331.2,332.19 2 0
github.com/JackMatanky/lithos/cmd/lithos/main.go:332.19,336.3 3 0
github.com/JackMatanky/lithos/cmd/lithos/main.go:338.2,339.16 2 0
github.com/JackMatanky/lithos/cmd/lithos/main.go:339.16,342.3 2 0
github.com/JackMatanky/lithos/cmd/lithos/main.go:344.2,350.8 1 0
github.com/JackMatanky/lithos/internal/adapters/api/cli/cobra.go:33.20,38.2 1 1
github.com/JackMatanky/lithos/internal/adapters/api/cli/cobra.go:66.9,70.2 3 1
github.com/JackMatanky/lithos/internal/adapters/api/cli/cobra.go:74.61,85.2 5 1
github.com/JackMatanky/lithos/internal/adapters/api/cli/cobra.go:89.64,93.55 1 1
github.com/JackMatanky/lithos/internal/adapters/api/cli/cobra.go:93.55,96.4 2 1
github.com/JackMatanky/lithos/internal/adapters/api/cli/cobra.go:102.60,107.55 1 1
github.com/JackMatanky/lithos/internal/adapters/api/cli/cobra.go:107.55,109.4 1 0
github.com/JackMatanky/lithos/internal/adapters/api/cli/cobra.go:111.2,112.12 2 1
github.com/JackMatanky/lithos/internal/adapters/api/cli/cobra.go:117.62,128.55 1 1
github.com/JackMatanky/lithos/internal/adapters/api/cli/cobra.go:128.55,130.4 1 0
github.com/JackMatanky/lithos/internal/adapters/api/cli/cobra.go:132.2,132.12 1 1
github.com/JackMatanky/lithos/internal/adapters/api/cli/cobra.go:140.9,141.20 1 1
github.com/JackMatanky/lithos/internal/adapters/api/cli/cobra.go:141.20,143.3 1 1
github.com/JackMatanky/lithos/internal/adapters/api/cli/cobra.go:145.2,147.16 3 1
github.com/JackMatanky/lithos/internal/adapters/api/cli/cobra.go:147.16,149.3 1 0
github.com/JackMatanky/lithos/internal/adapters/api/cli/cobra.go:151.2,151.40 1 1
github.com/JackMatanky/lithos/internal/adapters/api/cli/cobra.go:159.9,161.16 2 1
github.com/JackMatanky/lithos/internal/adapters/api/cli/cobra.go:161.16,164.3 2 0
github.com/JackMatanky/lithos/internal/adapters/api/cli/cobra.go:166.2,166.40 1 1
github.com/JackMatanky/lithos/internal/adapters/api/cli/cobra.go:174.9,177.58 2 1
github.com/JackMatanky/lithos/internal/adapters/api/cli/cobra.go:177.58,181.3 2 1
github.com/JackMatanky/lithos/internal/adapters/api/cli/cobra.go:183.2,183.12 1 1
github.com/JackMatanky/lithos/internal/adapters/api/cli/cobra.go:191.9,197.34 5 1
github.com/JackMatanky/lithos/internal/adapters/api/cli/cobra.go:197.34,199.3 1 1
github.com/JackMatanky/lithos/internal/adapters/api/cli/cobra.go:201.2,201.29 1 1
github.com/JackMatanky/lithos/internal/adapters/api/cli/cobra.go:201.29,203.3 1 1
github.com/JackMatanky/lithos/internal/adapters/api/cli/cobra.go:205.2,207.12 2 1
github.com/JackMatanky/lithos/internal/adapters/api/cli/cobra.go:212.56,214.34 2 1
github.com/JackMatanky/lithos/internal/adapters/api/cli/cobra.go:214.34,220.3 1 1
github.com/JackMatanky/lithos/internal/adapters/api/cli/cobra.go:222.2,223.34 2 1
github.com/JackMatanky/lithos/internal/adapters/api/cli/cobra.go:223.34,229.3 1 1
github.com/JackMatanky/lithos/internal/adapters/api/cli/cobra.go:231.2,231.45 1 1
github.com/JackMatanky/lithos/internal/adapters/spi/cache/helper.go:25.49,30.2 4 1
github.com/JackMatanky/lithos/internal/adapters/spi/cache/helper.go:35.55,39.2 3 0
github.com/JackMatanky/lithos/internal/adapters/spi/cache/helper.go:45.61,48.16 3 1
github.com/JackMatanky/lithos/internal/adapters/spi/cache/helper.go:48.16,50.3 1 1
github.com/JackMatanky/lithos/internal/adapters/spi/cache/helper.go:52.2,53.20 2 0
github.com/JackMatanky/lithos/internal/adapters/spi/cache/helper.go:58.44,60.2 1 1
github.com/JackMatanky/lithos/internal/adapters/spi/cache/helper.go:66.66,67.22 1 0
github.com/JackMatanky/lithos/internal/adapters/spi/cache/helper.go:67.22,69.3 1 0
github.com/JackMatanky/lithos/internal/adapters/spi/cache/helper.go:71.2,71.58 1 0
github.com/JackMatanky/lithos/internal/adapters/spi/cache/helper.go:71.58,73.3 1 0
github.com/JackMatanky/lithos/internal/adapters/spi/cache/helper.go:74.2,74.56 1 0
github.com/JackMatanky/lithos/internal/adapters/spi/cache/helper.go:74.56,76.3 1 0
github.com/JackMatanky/lithos/internal/adapters/spi/cache/helper.go:77.2,77.53 1 0
github.com/JackMatanky/lithos/internal/adapters/spi/cache/helper.go:77.53,79.3 1 0
github.com/JackMatanky/lithos/internal/adapters/spi/cache/helper.go:80.2,80.52 1 0
github.com/JackMatanky/lithos/internal/adapters/spi/cache/helper.go:80.52,82.3 1 0
github.com/JackMatanky/lithos/internal/adapters/spi/cache/helper.go:83.2,83.50 1 0
github.com/JackMatanky/lithos/internal/adapters/spi/cache/helper.go:83.50,85.3 1 0
github.com/JackMatanky/lithos/internal/adapters/spi/cache/helper.go:86.2,86.20 1 0
github.com/JackMatanky/lithos/internal/adapters/spi/cache/helper.go:89.57,90.27 1 0
github.com/JackMatanky/lithos/internal/adapters/spi/cache/helper.go:91.17,92.17 1 0
github.com/JackMatanky/lithos/internal/adapters/spi/cache/helper.go:93.14,94.61 1 0
github.com/JackMatanky/lithos/internal/adapters/spi/cache/helper.go:94.61,96.4 1 0
github.com/JackMatanky/lithos/internal/adapters/spi/cache/helper.go:97.13,98.31 1 0
github.com/JackMatanky/lithos/internal/adapters/spi/cache/helper.go:99.11,100.38 1 0
github.com/JackMatanky/lithos/internal/adapters/spi/cache/helper.go:101.15,102.38 1 0
github.com/JackMatanky/lithos/internal/adapters/spi/cache/helper.go:104.2,104.27 1 0
github.com/JackMatanky/lithos/internal/adapters/spi/cache/json/reader.go:70.25,77.2 1 1
github.com/JackMatanky/lithos/internal/adapters/spi/cache/json/reader.go:98.24,100.9 1 1
github.com/JackMatanky/lithos/internal/adapters/spi/cache/json/reader.go:101.20,102.34 1 0
github.com/JackMatanky/lithos/internal/adapters/spi/cache/json/reader.go:103.10,103.10 0 1
github.com/JackMatanky/lithos/internal/adapters/spi/cache/json/reader.go:107.2,110.20 3 1
github.com/JackMatanky/lithos/internal/adapters/spi/cache/json/reader.go:110.20,112.3 1 1
github.com/JackMatanky/lithos/internal/adapters/spi/cache/json/reader.go:114.2,114.29 1 1
github.com/JackMatanky/lithos/internal/adapters/spi/cache/json/reader.go:114.29,121.3 1 0
github.com/JackMatanky/lithos/internal/adapters/spi/cache/json/reader.go:123.2,125.9 3 1
github.com/JackMatanky/lithos/internal/adapters/spi/cache/json/reader.go:126.24,127.55 1 1
github.com/JackMatanky/lithos/internal/adapters/spi/cache/json/reader.go:128.32,129.46 1 1
github.com/JackMatanky/lithos/internal/adapters/spi/cache/json/reader.go:130.10,136.4 1 0
github.com/JackMatanky/lithos/internal/adapters/spi/cache/json/reader.go:160.26,162.9 1 1
github.com/JackMatanky/lithos/internal/adapters/spi/cache/json/reader.go:163.20,164.24 1 0
github.com/JackMatanky/lithos/internal/adapters/spi/cache/json/reader.go:165.10,165.10 0 1
github.com/JackMatanky/lithos/internal/adapters/spi/cache/json/reader.go:169.2,169.64 1 1
github.com/JackMatanky/lithos/internal/adapters/spi/cache/json/reader.go:169.64,176.3 1 0
github.com/JackMatanky/lithos/internal/adapters/spi/cache/json/reader.go:178.2,183.56 2 1
github.com/JackMatanky/lithos/internal/adapters/spi/cache/json/reader.go:183.56,185.11 1 1
github.com/JackMatanky/lithos/internal/adapters/spi/cache/json/reader.go:186.22,187.21 1 0
github.com/JackMatanky/lithos/internal/adapters/spi/cache/json/reader.go:188.12,188.12 0 1
github.com/JackMatanky/lithos/internal/adapters/spi/cache/json/reader.go:191.4,191.18 1 1
github.com/JackMatanky/lithos/internal/adapters/spi/cache/json/reader.go:191.18,193.5 1 1
github.com/JackMatanky/lithos/internal/adapters/spi/cache/json/reader.go:195.4,195.38 1 1
github.com/JackMatanky/lithos/internal/adapters/spi/cache/json/reader.go:195.38,197.5 1 1
github.com/JackMatanky/lithos/internal/adapters/spi/cache/json/reader.go:199.4,199.52 1 1
github.com/JackMatanky/lithos/internal/adapters/spi/cache/json/reader.go:199.52,201.5 1 1
github.com/JackMatanky/lithos/internal/adapters/spi/cache/json/reader.go:203.4,203.14 1 1
github.com/JackMatanky/lithos/internal/adapters/spi/cache/json/reader.go:207.2,207.20 1 1
github.com/JackMatanky/lithos/internal/adapters/spi/cache/json/reader.go:207.20,214.3 1 1
github.com/JackMatanky/lithos/internal/adapters/spi/cache/json/reader.go:217.2,222.19 2 1
github.com/JackMatanky/lithos/internal/adapters/spi/cache/json/reader.go:227.60,229.2 1 1
github.com/JackMatanky/lithos/internal/adapters/spi/cache/json/reader.go:233.51,235.67 2 1
github.com/JackMatanky/lithos/internal/adapters/spi/cache/json/reader.go:235.67,237.3 1 1
github.com/JackMatanky/lithos/internal/adapters/spi/cache/json/reader.go:238.2,238.46 1 0
github.com/JackMatanky/lithos/internal/adapters/spi/cache/json/reader.go:245.26,247.16 2 0
github.com/JackMatanky/lithos/internal/adapters/spi/cache/json/reader.go:247.16,249.3 1 0
github.com/JackMatanky/lithos/internal/adapters/spi/cache/json/reader.go:251.2,252.23 2 0
github.com/JackMatanky/lithos/internal/adapters/spi/cache/json/reader.go:252.23,256.43 3 0
github.com/JackMatanky/lithos/internal/adapters/spi/cache/json/reader.go:256.43,258.4 1 0
github.com/JackMatanky/lithos/internal/adapters/spi/cache/json/reader.go:260.3,260.23 1 0
github.com/JackMatanky/lithos/internal/adapters/spi/cache/json/reader.go:260.23,262.4 1 0
github.com/JackMatanky/lithos/internal/adapters/spi/cache/json/reader.go:264.2,264.21 1 0
github.com/JackMatanky/lithos/internal/adapters/spi/cache/json/reader.go:271.26,273.16 2 0
github.com/JackMatanky/lithos/internal/adapters/spi/cache/json/reader.go:273.16,275.3 1 0
github.com/JackMatanky/lithos/internal/adapters/spi/cache/json/reader.go:277.2,278.23 2 0
github.com/JackMatanky/lithos/internal/adapters/spi/cache/json/reader.go:278.23,279.44 1 0
github.com/JackMatanky/lithos/internal/adapters/spi/cache/json/reader.go:279.44,281.4 1 0
github.com/JackMatanky/lithos/internal/adapters/spi/cache/json/reader.go:283.2,283.21 1 0
github.com/JackMatanky/lithos/internal/adapters/spi/cache/json/reader.go:290.26,292.16 2 0
github.com/JackMatanky/lithos/internal/adapters/spi/cache/json/reader.go:292.16,294.3 1 0
github.com/JackMatanky/lithos/internal/adapters/spi/cache/json/reader.go:296.2,297.23 2 0
github.com/JackMatanky/lithos/internal/adapters/spi/cache/json/reader.go:297.23,301.52 1 0
github.com/JackMatanky/lithos/internal/adapters/spi/cache/json/reader.go:301.52,303.4 1 0
github.com/JackMatanky/lithos/internal/adapters/spi/cache/json/reader.go:305.2,305.21 1 0
github.com/JackMatanky/lithos/internal/adapters/spi/cache/json/reader.go:312.26,314.16 2 0
github.com/JackMatanky/lithos/internal/adapters/spi/cache/json/reader.go:314.16,316.3 1 0
github.com/JackMatanky/lithos/internal/adapters/spi/cache/json/reader.go:318.2,319.16 2 0
github.com/JackMatanky/lithos/internal/adapters/spi/cache/json/reader.go:319.16,321.3 1 0
github.com/JackMatanky/lithos/internal/adapters/spi/cache/json/reader.go:323.2,324.23 2 0
github.com/JackMatanky/lithos/internal/adapters/spi/cache/json/reader.go:324.23,328.27 3 0
github.com/JackMatanky/lithos/internal/adapters/spi/cache/json/reader.go:329.31,330.36 1 0
github.com/JackMatanky/lithos/internal/adapters/spi/cache/json/reader.go:331.35,333.44 2 0
github.com/JackMatanky/lithos/internal/adapters/spi/cache/json/reader.go:333.44,335.5 1 0
github.com/JackMatanky/lithos/internal/adapters/spi/cache/json/reader.go:336.4,336.36 1 0
github.com/JackMatanky/lithos/internal/adapters/spi/cache/json/reader.go:337.33,338.53 1 0
github.com/JackMatanky/lithos/internal/adapters/spi/cache/json/reader.go:341.3,341.12 1 0
github.com/JackMatanky/lithos/internal/adapters/spi/cache/json/reader.go:341.12,343.4 1 0
github.com/JackMatanky/lithos/internal/adapters/spi/cache/json/reader.go:345.2,345.21 1 0
github.com/JackMatanky/lithos/internal/adapters/spi/cache/json/reader.go:352.26,354.16 2 0
github.com/JackMatanky/lithos/internal/adapters/spi/cache/json/reader.go:354.16,356.3 1 0
github.com/JackMatanky/lithos/internal/adapters/spi/cache/json/reader.go:358.2,359.23 2 0
github.com/JackMatanky/lithos/internal/adapters/spi/cache/json/reader.go:359.23,361.55 1 0
github.com/JackMatanky/lithos/internal/adapters/spi/cache/json/reader.go:361.55,362.30 1 0
github.com/JackMatanky/lithos/internal/adapters/spi/cache/json/reader.go:362.30,364.5 1 0
github.com/JackMatanky/lithos/internal/adapters/spi/cache/json/reader.go:367.2,367.21 1 0
github.com/JackMatanky/lithos/internal/adapters/spi/cache/json/reader.go:375.26,377.16 2 0
github.com/JackMatanky/lithos/internal/adapters/spi/cache/json/reader.go:377.16,379.3 1 0
github.com/JackMatanky/lithos/internal/adapters/spi/cache/json/reader.go:381.2,382.23 2 0
github.com/JackMatanky/lithos/internal/adapters/spi/cache/json/reader.go:382.23,383.53 1 0
github.com/JackMatanky/lithos/internal/adapters/spi/cache/json/reader.go:383.53,385.39 1 0
github.com/JackMatanky/lithos/internal/adapters/spi/cache/json/reader.go:385.39,387.5 1 0
github.com/JackMatanky/lithos/internal/adapters/spi/cache/json/reader.go:390.2,390.21 1 0
github.com/JackMatanky/lithos/internal/adapters/spi/cache/json/reader.go:399.23,403.20 3 1
github.com/JackMatanky/lithos/internal/adapters/spi/cache/json/reader.go:403.20,410.3 2 1
github.com/JackMatanky/lithos/internal/adapters/spi/cache/json/reader.go:412.2,412.19 1 1
github.com/JackMatanky/lithos/internal/adapters/spi/cache/json/reader.go:419.24,421.70 2 1
github.com/JackMatanky/lithos/internal/adapters/spi/cache/json/reader.go:421.70,428.3 1 1
github.com/JackMatanky/lithos/internal/adapters/spi/cache/json/reader.go:430.2,435.18 2 1
github.com/JackMatanky/lithos/internal/adapters/spi/cache/json/reader.go:440.57,442.28 2 0
github.com/JackMatanky/lithos/internal/adapters/spi/cache/json/reader.go:442.28,443.17 1 0
github.com/JackMatanky/lithos/internal/adapters/spi/cache/json/reader.go:443.17,445.4 1 0
github.com/JackMatanky/lithos/internal/adapters/spi/cache/json/reader.go:447.2,447.14 1 0
github.com/JackMatanky/lithos/internal/adapters/spi/cache/json/reader.go:450.53,451.26 1 0
github.com/JackMatanky/lithos/internal/adapters/spi/cache/json/reader.go:452.14,453.35 1 0
github.com/JackMatanky/lithos/internal/adapters/spi/cache/json/reader.go:454.16,455.34 1 0
github.com/JackMatanky/lithos/internal/adapters/spi/cache/json/reader.go:456.21,457.38 1 0
github.com/JackMatanky/lithos/internal/adapters/spi/cache/json/reader.go:459.2,459.14 1 0
github.com/JackMatanky/lithos/internal/adapters/spi/cache/json/reader.go:462.44,464.26 2 0
github.com/JackMatanky/lithos/internal/adapters/spi/cache/json/reader.go:464.26,465.34 1 0
github.com/JackMatanky/lithos/internal/adapters/spi/cache/json/reader.go:465.34,467.4 1 0
github.com/JackMatanky/lithos/internal/adapters/spi/cache/json/reader.go:469.2,469.14 1 0
github.com/JackMatanky/lithos/internal/adapters/spi/cache/json/reader.go:472.52,473.22 1 0
github.com/JackMatanky/lithos/internal/adapters/spi/cache/json/reader.go:473.22,474.15 1 0
github.com/JackMatanky/lithos/internal/adapters/spi/cache/json/reader.go:474.15,476.4 1 0
github.com/JackMatanky/lithos/internal/adapters/spi/cache/json/reader.go:478.2,478.14 1 0
github.com/JackMatanky/lithos/internal/adapters/spi/cache/json/reader.go:481.61,482.22 1 0
github.com/JackMatanky/lithos/internal/adapters/spi/cache/json/reader.go:482.22,483.46 1 0
github.com/JackMatanky/lithos/internal/adapters/spi/cache/json/reader.go:483.46,485.4 1 0
github.com/JackMatanky/lithos/internal/adapters/spi/cache/json/reader.go:487.2,487.14 1 0
github.com/JackMatanky/lithos/internal/adapters/spi/cache/json/writer.go:72.26,80.2 1 1
github.com/JackMatanky/lithos/internal/adapters/spi/cache/json/writer.go:84.52,86.2 1 1
github.com/JackMatanky/lithos/internal/adapters/spi/cache/json/writer.go:91.77,93.2 1 1
github.com/JackMatanky/lithos/internal/adapters/spi/cache/json/writer.go:98.78,100.2 1 0
github.com/JackMatanky/lithos/internal/adapters/spi/cache/json/writer.go:123.9,125.9 1 1
github.com/JackMatanky/lithos/internal/adapters/spi/cache/json/writer.go:126.20,127.19 1 1
github.com/JackMatanky/lithos/internal/adapters/spi/cache/json/writer.go:128.10,128.10 0 1
github.com/JackMatanky/lithos/internal/adapters/spi/cache/json/writer.go:132.2,132.64 1 1
github.com/JackMatanky/lithos/internal/adapters/spi/cache/json/writer.go:132.64,139.3 1 0
github.com/JackMatanky/lithos/internal/adapters/spi/cache/json/writer.go:142.2,143.23 2 1
github.com/JackMatanky/lithos/internal/adapters/spi/cache/json/writer.go:143.23,150.3 1 0
github.com/JackMatanky/lithos/internal/adapters/spi/cache/json/writer.go:153.2,154.78 2 1
github.com/JackMatanky/lithos/internal/adapters/spi/cache/json/writer.go:154.78,161.3 1 1
github.com/JackMatanky/lithos/internal/adapters/spi/cache/json/writer.go:164.2,165.28 2 1
github.com/JackMatanky/lithos/internal/adapters/spi/cache/json/writer.go:165.28,166.50 1 1
github.com/JackMatanky/lithos/internal/adapters/spi/cache/json/writer.go:166.50,171.4 1 0
github.com/JackMatanky/lithos/internal/adapters/spi/cache/json/writer.go:175.2,180.12 2 1
github.com/JackMatanky/lithos/internal/adapters/spi/cache/json/writer.go:203.9,205.9 1 1
github.com/JackMatanky/lithos/internal/adapters/spi/cache/json/writer.go:206.20,207.19 1 1
github.com/JackMatanky/lithos/internal/adapters/spi/cache/json/writer.go:208.10,208.10 0 1
github.com/JackMatanky/lithos/internal/adapters/spi/cache/json/writer.go:212.2,216.22 3 1
github.com/JackMatanky/lithos/internal/adapters/spi/cache/json/writer.go:216.22,222.3 2 0
github.com/JackMatanky/lithos/internal/adapters/spi/cache/json/writer.go:224.2,224.31 1 1
github.com/JackMatanky/lithos/internal/adapters/spi/cache/json/writer.go:224.31,231.3 1 0
github.com/JackMatanky/lithos/internal/adapters/spi/cache/json/writer.go:233.2,235.9 3 1
github.com/JackMatanky/lithos/internal/adapters/spi/cache/json/writer.go:236.24,240.43 1 1
github.com/JackMatanky/lithos/internal/adapters/spi/cache/json/writer.go:241.32,245.51 1 1
github.com/JackMatanky/lithos/internal/adapters/spi/cache/json/writer.go:246.10,252.4 1 0
github.com/JackMatanky/lithos/internal/adapters/spi/cache/json/writer.go:255.2,255.12 1 1
github.com/JackMatanky/lithos/internal/adapters/spi/cache/boltdb/core.go:57.52,59.60 1 1
github.com/JackMatanky/lithos/internal/adapters/spi/cache/boltdb/core.go:59.60,66.3 1 0
github.com/JackMatanky/lithos/internal/adapters/spi/cache/boltdb/core.go:68.2,77.16 5 1
github.com/JackMatanky/lithos/internal/adapters/spi/cache/boltdb/core.go:77.16,79.3 1 0
github.com/JackMatanky/lithos/internal/adapters/spi/cache/boltdb/core.go:80.2,80.16 1 1
github.com/JackMatanky/lithos/internal/adapters/spi/cache/boltdb/reader.go:39.36,45.2 1 1
github.com/JackMatanky/lithos/internal/adapters/spi/cache/boltdb/reader.go:48.48,50.2 1 1
github.com/JackMatanky/lithos/internal/adapters/spi/cache/boltdb/reader.go:56.24,57.34 1 1
github.com/JackMatanky/lithos/internal/adapters/spi/cache/boltdb/reader.go:57.34,59.3 1 0
github.com/JackMatanky/lithos/internal/adapters/spi/cache/boltdb/reader.go:61.2,63.44 2 1
github.com/JackMatanky/lithos/internal/adapters/spi/cache/boltdb/reader.go:63.44,64.35 1 1
github.com/JackMatanky/lithos/internal/adapters/spi/cache/boltdb/reader.go:64.35,66.4 1 0
github.com/JackMatanky/lithos/internal/adapters/spi/cache/boltdb/reader.go:68.3,69.20 2 1
github.com/JackMatanky/lithos/internal/adapters/spi/cache/boltdb/reader.go:69.20,71.4 1 0
github.com/JackMatanky/lithos/internal/adapters/spi/cache/boltdb/reader.go:73.3,74.18 2 1
github.com/JackMatanky/lithos/internal/adapters/spi/cache/boltdb/reader.go:74.18,76.4 1 1
github.com/JackMatanky/lithos/internal/adapters/spi/cache/boltdb/reader.go:78.3,79.17 2 1
github.com/JackMatanky/lithos/internal/adapters/spi/cache/boltdb/reader.go:79.17,81.4 1 0
github.com/JackMatanky/lithos/internal/adapters/spi/cache/boltdb/reader.go:83.3,84.13 2 1
github.com/JackMatanky/lithos/internal/adapters/spi/cache/boltdb/reader.go:87.2,87.16 1 1
github.com/JackMatanky/lithos/internal/adapters/spi/cache/boltdb/reader.go:87.16,88.44 1 1
github.com/JackMatanky/lithos/internal/adapters/spi/cache/boltdb/reader.go:88.44,90.4 1 1
github.com/JackMatanky/lithos/internal/adapters/spi/cache/boltdb/reader.go:91.3,96.4 1 0
github.com/JackMatanky/lithos/internal/adapters/spi/cache/boltdb/reader.go:99.2,99.18 1 1
github.com/JackMatanky/lithos/internal/adapters/spi/cache/boltdb/reader.go:105.26,106.34 1 1
github.com/JackMatanky/lithos/internal/adapters/spi/cache/boltdb/reader.go:106.34,108.3 1 0
github.com/JackMatanky/lithos/internal/adapters/spi/cache/boltdb/reader.go:110.2,112.44 2 1
github.com/JackMatanky/lithos/internal/adapters/spi/cache/boltdb/reader.go:112.44,113.35 1 1
github.com/JackMatanky/lithos/internal/adapters/spi/cache/boltdb/reader.go:113.35,115.4 1 0
github.com/JackMatanky/lithos/internal/adapters/spi/cache/boltdb/reader.go:117.3,118.20 2 1
github.com/JackMatanky/lithos/internal/adapters/spi/cache/boltdb/reader.go:118.20,120.4 1 0
github.com/JackMatanky/lithos/internal/adapters/spi/cache/boltdb/reader.go:122.3,122.49 1 1
github.com/JackMatanky/lithos/internal/adapters/spi/cache/boltdb/reader.go:122.49,123.36 1 1
github.com/JackMatanky/lithos/internal/adapters/spi/cache/boltdb/reader.go:123.36,125.5 1 0
github.com/JackMatanky/lithos/internal/adapters/spi/cache/boltdb/reader.go:127.4,128.18 2 1
github.com/JackMatanky/lithos/internal/adapters/spi/cache/boltdb/reader.go:128.18,134.5 2 0
github.com/JackMatanky/lithos/internal/adapters/spi/cache/boltdb/reader.go:136.4,137.14 2 1
github.com/JackMatanky/lithos/internal/adapters/spi/cache/boltdb/reader.go:141.2,141.16 1 1
github.com/JackMatanky/lithos/internal/adapters/spi/cache/boltdb/reader.go:141.16,148.3 1 0
github.com/JackMatanky/lithos/internal/adapters/spi/cache/boltdb/reader.go:150.2,150.19 1 1
github.com/JackMatanky/lithos/internal/adapters/spi/cache/boltdb/reader.go:157.26,159.2 1 1
github.com/JackMatanky/lithos/internal/adapters/spi/cache/boltdb/reader.go:165.26,167.2 1 1
github.com/JackMatanky/lithos/internal/adapters/spi/cache/boltdb/reader.go:173.26,175.2 1 1
github.com/JackMatanky/lithos/internal/adapters/spi/cache/boltdb/reader.go:181.26,182.34 1 1
github.com/JackMatanky/lithos/internal/adapters/spi/cache/boltdb/reader.go:182.34,184.3 1 0
github.com/JackMatanky/lithos/internal/adapters/spi/cache/boltdb/reader.go:186.2,187.16 2 1
github.com/JackMatanky/lithos/internal/adapters/spi/cache/boltdb/reader.go:187.16,189.3 1 0
github.com/JackMatanky/lithos/internal/adapters/spi/cache/boltdb/reader.go:191.2,191.26 1 1
github.com/JackMatanky/lithos/internal/adapters/spi/cache/boltdb/reader.go:192.30,195.21 2 1
github.com/JackMatanky/lithos/internal/adapters/spi/cache/boltdb/reader.go:195.21,196.49 1 1
github.com/JackMatanky/lithos/internal/adapters/spi/cache/boltdb/reader.go:196.49,198.5 1 1
github.com/JackMatanky/lithos/internal/adapters/spi/cache/boltdb/reader.go:199.4,199.23 1 0
github.com/JackMatanky/lithos/internal/adapters/spi/cache/boltdb/reader.go:201.3,201.34 1 1
github.com/JackMatanky/lithos/internal/adapters/spi/cache/boltdb/reader.go:203.34,204.48 1 1
github.com/JackMatanky/lithos/internal/adapters/spi/cache/boltdb/reader.go:206.32,207.67 1 1
github.com/JackMatanky/lithos/internal/adapters/spi/cache/boltdb/reader.go:209.10,210.68 1 0
github.com/JackMatanky/lithos/internal/adapters/spi/cache/boltdb/reader.go:220.17,221.34 1 1
github.com/JackMatanky/lithos/internal/adapters/spi/cache/boltdb/reader.go:221.34,223.3 1 0
github.com/JackMatanky/lithos/internal/adapters/spi/cache/boltdb/reader.go:225.2,226.16 2 1
github.com/JackMatanky/lithos/internal/adapters/spi/cache/boltdb/reader.go:226.16,228.3 1 0
github.com/JackMatanky/lithos/internal/adapters/spi/cache/boltdb/reader.go:229.2,229.13 1 1
github.com/JackMatanky/lithos/internal/adapters/spi/cache/boltdb/reader.go:229.13,231.3 1 1
github.com/JackMatanky/lithos/internal/adapters/spi/cache/boltdb/reader.go:233.2,233.47 1 1
github.com/JackMatanky/lithos/internal/adapters/spi/cache/boltdb/reader.go:242.26,244.2 1 0
github.com/JackMatanky/lithos/internal/adapters/spi/cache/boltdb/reader.go:252.26,256.2 1 0
github.com/JackMatanky/lithos/internal/adapters/spi/cache/boltdb/reader.go:264.26,265.34 1 1
github.com/JackMatanky/lithos/internal/adapters/spi/cache/boltdb/reader.go:265.34,267.3 1 0
github.com/JackMatanky/lithos/internal/adapters/spi/cache/boltdb/reader.go:269.2,271.44 2 1
github.com/JackMatanky/lithos/internal/adapters/spi/cache/boltdb/reader.go:271.44,272.35 1 1
github.com/JackMatanky/lithos/internal/adapters/spi/cache/boltdb/reader.go:272.35,274.4 1 0
github.com/JackMatanky/lithos/internal/adapters/spi/cache/boltdb/reader.go:276.3,277.17 2 1
github.com/JackMatanky/lithos/internal/adapters/spi/cache/boltdb/reader.go:277.17,279.4 1 0
github.com/JackMatanky/lithos/internal/adapters/spi/cache/boltdb/reader.go:280.3,280.22 1 1
github.com/JackMatanky/lithos/internal/adapters/spi/cache/boltdb/reader.go:280.22,282.4 1 1
github.com/JackMatanky/lithos/internal/adapters/spi/cache/boltdb/reader.go:284.3,285.17 2 1
github.com/JackMatanky/lithos/internal/adapters/spi/cache/boltdb/reader.go:285.17,287.4 1 0
github.com/JackMatanky/lithos/internal/adapters/spi/cache/boltdb/reader.go:288.3,289.13 2 1
github.com/JackMatanky/lithos/internal/adapters/spi/cache/boltdb/reader.go:292.2,292.16 1 1
github.com/JackMatanky/lithos/internal/adapters/spi/cache/boltdb/reader.go:292.16,299.3 1 0
github.com/JackMatanky/lithos/internal/adapters/spi/cache/boltdb/reader.go:301.2,301.19 1 1
github.com/JackMatanky/lithos/internal/adapters/spi/cache/boltdb/reader.go:306.15,312.28 2 1
github.com/JackMatanky/lithos/internal/adapters/spi/cache/boltdb/reader.go:312.28,314.3 1 1
github.com/JackMatanky/lithos/internal/adapters/spi/cache/boltdb/reader.go:316.2,324.16 2 1
github.com/JackMatanky/lithos/internal/adapters/spi/cache/boltdb/reader.go:324.16,331.3 2 0
github.com/JackMatanky/lithos/internal/adapters/spi/cache/boltdb/reader.go:332.2,332.13 1 1
github.com/JackMatanky/lithos/internal/adapters/spi/cache/boltdb/reader.go:337.28,340.16 3 1
github.com/JackMatanky/lithos/internal/adapters/spi/cache/boltdb/reader.go:340.16,341.25 1 1
github.com/JackMatanky/lithos/internal/adapters/spi/cache/boltdb/reader.go:341.25,343.4 1 1
github.com/JackMatanky/lithos/internal/adapters/spi/cache/boltdb/reader.go:344.3,344.33 1 0
github.com/JackMatanky/lithos/internal/adapters/spi/cache/boltdb/reader.go:346.2,346.33 1 1
github.com/JackMatanky/lithos/internal/adapters/spi/cache/boltdb/reader.go:353.17,354.48 1 1
github.com/JackMatanky/lithos/internal/adapters/spi/cache/boltdb/reader.go:354.48,356.3 1 1
github.com/JackMatanky/lithos/internal/adapters/spi/cache/boltdb/reader.go:358.2,358.20 1 1
github.com/JackMatanky/lithos/internal/adapters/spi/cache/boltdb/reader.go:358.20,359.10 1 1
github.com/JackMatanky/lithos/internal/adapters/spi/cache/boltdb/reader.go:360.50,361.20 1 0
github.com/JackMatanky/lithos/internal/adapters/spi/cache/boltdb/reader.go:362.41,363.20 1 1
github.com/JackMatanky/lithos/internal/adapters/spi/cache/boltdb/reader.go:364.11,365.25 1 0
github.com/JackMatanky/lithos/internal/adapters/spi/cache/boltdb/reader.go:369.2,369.19 1 1
github.com/JackMatanky/lithos/internal/adapters/spi/cache/boltdb/reader.go:377.9,378.34 1 1
github.com/JackMatanky/lithos/internal/adapters/spi/cache/boltdb/reader.go:378.34,380.3 1 0
github.com/JackMatanky/lithos/internal/adapters/spi/cache/boltdb/reader.go:382.2,383.19 2 1
github.com/JackMatanky/lithos/internal/adapters/spi/cache/boltdb/reader.go:383.19,385.3 1 0
github.com/JackMatanky/lithos/internal/adapters/spi/cache/boltdb/reader.go:386.2,387.17 2 1
github.com/JackMatanky/lithos/internal/adapters/spi/cache/boltdb/reader.go:387.17,389.3 1 0
github.com/JackMatanky/lithos/internal/adapters/spi/cache/boltdb/reader.go:391.2,392.22 2 1
github.com/JackMatanky/lithos/internal/adapters/spi/cache/boltdb/reader.go:392.22,394.3 1 0
github.com/JackMatanky/lithos/internal/adapters/spi/cache/boltdb/reader.go:395.2,395.51 1 1
github.com/JackMatanky/lithos/internal/adapters/spi/cache/boltdb/reader.go:395.51,397.3 1 1
github.com/JackMatanky/lithos/internal/adapters/spi/cache/boltdb/reader.go:398.2,398.53 1 1
github.com/JackMatanky/lithos/internal/adapters/spi/cache/boltdb/reader.go:398.53,400.3 1 0
github.com/JackMatanky/lithos/internal/adapters/spi/cache/boltdb/reader.go:401.2,401.12 1 1
github.com/JackMatanky/lithos/internal/adapters/spi/cache/boltdb/reader.go:404.56,406.54 2 1
github.com/JackMatanky/lithos/internal/adapters/spi/cache/boltdb/reader.go:406.54,408.3 1 0
github.com/JackMatanky/lithos/internal/adapters/spi/cache/boltdb/reader.go:409.2,409.20 1 1
github.com/JackMatanky/lithos/internal/adapters/spi/cache/boltdb/reader.go:416.21,418.20 2 1
github.com/JackMatanky/lithos/internal/adapters/spi/cache/boltdb/reader.go:418.20,420.3 1 0
github.com/JackMatanky/lithos/internal/adapters/spi/cache/boltdb/reader.go:422.2,423.24 2 1
github.com/JackMatanky/lithos/internal/adapters/spi/cache/boltdb/reader.go:423.24,425.3 1 0
github.com/JackMatanky/lithos/internal/adapters/spi/cache/boltdb/reader.go:427.2,427.41 1 1
github.com/JackMatanky/lithos/internal/adapters/spi/cache/boltdb/reader.go:433.26,435.24 2 1
github.com/JackMatanky/lithos/internal/adapters/spi/cache/boltdb/reader.go:435.24,437.3 1 0
github.com/JackMatanky/lithos/internal/adapters/spi/cache/boltdb/reader.go:439.2,440.26 2 1
github.com/JackMatanky/lithos/internal/adapters/spi/cache/boltdb/reader.go:440.26,442.22 2 1
github.com/JackMatanky/lithos/internal/adapters/spi/cache/boltdb/reader.go:442.22,443.12 1 0
github.com/JackMatanky/lithos/internal/adapters/spi/cache/boltdb/reader.go:446.3,447.17 2 1
github.com/JackMatanky/lithos/internal/adapters/spi/cache/boltdb/reader.go:447.17,449.4 1 0
github.com/JackMatanky/lithos/internal/adapters/spi/cache/boltdb/reader.go:450.3,450.55 1 1
github.com/JackMatanky/lithos/internal/adapters/spi/cache/boltdb/reader.go:453.2,453.21 1 1
github.com/JackMatanky/lithos/internal/adapters/spi/cache/boltdb/writer.go:34.37,36.44 1 1
github.com/JackMatanky/lithos/internal/adapters/spi/cache/boltdb/writer.go:36.44,38.88 1 1
github.com/JackMatanky/lithos/internal/adapters/spi/cache/boltdb/writer.go:38.88,40.4 1 0
github.com/JackMatanky/lithos/internal/adapters/spi/cache/boltdb/writer.go:43.3,44.23 2 1
github.com/JackMatanky/lithos/internal/adapters/spi/cache/boltdb/writer.go:44.23,46.4 1 0
github.com/JackMatanky/lithos/internal/adapters/spi/cache/boltdb/writer.go:49.3,55.35 2 1
github.com/JackMatanky/lithos/internal/adapters/spi/cache/boltdb/writer.go:55.35,56.93 1 1
github.com/JackMatanky/lithos/internal/adapters/spi/cache/boltdb/writer.go:56.93,58.5 1 0
github.com/JackMatanky/lithos/internal/adapters/spi/cache/boltdb/writer.go:60.3,60.13 1 1
github.com/JackMatanky/lithos/internal/adapters/spi/cache/boltdb/writer.go:63.2,63.16 1 1
github.com/JackMatanky/lithos/internal/adapters/spi/cache/boltdb/writer.go:63.16,70.3 1 0
github.com/JackMatanky/lithos/internal/adapters/spi/cache/boltdb/writer.go:72.2,76.8 1 1
github.com/JackMatanky/lithos/internal/adapters/spi/cache/boltdb/writer.go:80.49,90.2 1 1
github.com/JackMatanky/lithos/internal/adapters/spi/cache/boltdb/writer.go:93.42,95.22 2 1
github.com/JackMatanky/lithos/internal/adapters/spi/cache/boltdb/writer.go:95.22,97.3 1 1
github.com/JackMatanky/lithos/internal/adapters/spi/cache/boltdb/writer.go:99.2,101.48 3 1
github.com/JackMatanky/lithos/internal/adapters/spi/cache/boltdb/writer.go:105.43,107.22 2 1
github.com/JackMatanky/lithos/internal/adapters/spi/cache/boltdb/writer.go:107.22,109.3 1 0
github.com/JackMatanky/lithos/internal/adapters/spi/cache/boltdb/writer.go:111.2,112.30 2 1
github.com/JackMatanky/lithos/internal/adapters/spi/cache/boltdb/writer.go:112.30,114.3 1 1
github.com/JackMatanky/lithos/internal/adapters/spi/cache/boltdb/writer.go:116.2,116.12 1 1
github.com/JackMatanky/lithos/internal/adapters/spi/cache/boltdb/writer.go:124.14,135.50 7 1
github.com/JackMatanky/lithos/internal/adapters/spi/cache/boltdb/writer.go:135.50,136.53 1 1
github.com/JackMatanky/lithos/internal/adapters/spi/cache/boltdb/writer.go:136.53,138.4 1 1
github.com/JackMatanky/lithos/internal/adapters/spi/cache/boltdb/writer.go:142.2,142.41 1 1
github.com/JackMatanky/lithos/internal/adapters/spi/cache/boltdb/writer.go:142.41,144.3 1 1
github.com/JackMatanky/lithos/internal/adapters/spi/cache/boltdb/writer.go:147.2,147.55 1 1
github.com/JackMatanky/lithos/internal/adapters/spi/cache/boltdb/writer.go:147.55,148.62 1 1
github.com/JackMatanky/lithos/internal/adapters/spi/cache/boltdb/writer.go:148.62,150.4 1 1
github.com/JackMatanky/lithos/internal/adapters/spi/cache/boltdb/writer.go:153.2,153.15 1 1
github.com/JackMatanky/lithos/internal/adapters/spi/cache/boltdb/writer.go:161.9,162.9 1 1
github.com/JackMatanky/lithos/internal/adapters/spi/cache/boltdb/writer.go:163.20,164.19 1 0
github.com/JackMatanky/lithos/internal/adapters/spi/cache/boltdb/writer.go:165.10,165.10 0 1
github.com/JackMatanky/lithos/internal/adapters/spi/cache/boltdb/writer.go:168.2,172.16 3 1
github.com/JackMatanky/lithos/internal/adapters/spi/cache/boltdb/writer.go:172.16,179.3 1 0
github.com/JackMatanky/lithos/internal/adapters/spi/cache/boltdb/writer.go:182.2,182.45 1 1
github.com/JackMatanky/lithos/internal/adapters/spi/cache/boltdb/writer.go:182.45,184.3 1 1
github.com/JackMatanky/lithos/internal/adapters/spi/cache/boltdb/writer.go:186.2,186.16 1 1
github.com/JackMatanky/lithos/internal/adapters/spi/cache/boltdb/writer.go:186.16,193.3 1 0
github.com/JackMatanky/lithos/internal/adapters/spi/cache/boltdb/writer.go:195.2,199.12 2 1
github.com/JackMatanky/lithos/internal/adapters/spi/cache/boltdb/writer.go:206.9,207.9 1 1
github.com/JackMatanky/lithos/internal/adapters/spi/cache/boltdb/writer.go:208.20,209.19 1 0
github.com/JackMatanky/lithos/internal/adapters/spi/cache/boltdb/writer.go:210.10,210.10 0 1
github.com/JackMatanky/lithos/internal/adapters/spi/cache/boltdb/writer.go:213.2,213.46 1 1
github.com/JackMatanky/lithos/internal/adapters/spi/cache/boltdb/writer.go:213.46,216.25 2 1
github.com/JackMatanky/lithos/internal/adapters/spi/cache/boltdb/writer.go:216.25,218.4 1 0
github.com/JackMatanky/lithos/internal/adapters/spi/cache/boltdb/writer.go:221.3,222.22 2 1
github.com/JackMatanky/lithos/internal/adapters/spi/cache/boltdb/writer.go:222.22,224.4 1 0
github.com/JackMatanky/lithos/internal/adapters/spi/cache/boltdb/writer.go:226.3,227.59 2 1
github.com/JackMatanky/lithos/internal/adapters/spi/cache/boltdb/writer.go:227.59,229.4 1 0
github.com/JackMatanky/lithos/internal/adapters/spi/cache/boltdb/writer.go:232.3,232.66 1 1
github.com/JackMatanky/lithos/internal/adapters/spi/cache/boltdb/writer.go:232.66,234.4 1 1
github.com/JackMatanky/lithos/internal/adapters/spi/cache/boltdb/writer.go:237.3,237.58 1 1
github.com/JackMatanky/lithos/internal/adapters/spi/cache/boltdb/writer.go:237.58,239.4 1 0
github.com/JackMatanky/lithos/internal/adapters/spi/cache/boltdb/writer.go:240.3,240.13 1 1
github.com/JackMatanky/lithos/internal/adapters/spi/cache/boltdb/writer.go:243.2,243.16 1 1
github.com/JackMatanky/lithos/internal/adapters/spi/cache/boltdb/writer.go:243.16,250.3 1 1
github.com/JackMatanky/lithos/internal/adapters/spi/cache/boltdb/writer.go:252.2,256.12 2 1
github.com/JackMatanky/lithos/internal/adapters/spi/cache/boltdb/writer.go:263.9,265.26 2 1
github.com/JackMatanky/lithos/internal/adapters/spi/cache/boltdb/writer.go:265.26,267.3 1 0
github.com/JackMatanky/lithos/internal/adapters/spi/cache/boltdb/writer.go:270.2,270.64 1 1
github.com/JackMatanky/lithos/internal/adapters/spi/cache/boltdb/writer.go:270.64,271.16 1 1
github.com/JackMatanky/lithos/internal/adapters/spi/cache/boltdb/writer.go:271.16,273.4 1 0
github.com/JackMatanky/lithos/internal/adapters/spi/cache/boltdb/writer.go:274.3,274.72 1 1
github.com/JackMatanky/lithos/internal/adapters/spi/cache/boltdb/writer.go:274.72,276.4 1 1
github.com/JackMatanky/lithos/internal/adapters/spi/cache/boltdb/writer.go:277.3,277.13 1 0
github.com/JackMatanky/lithos/internal/adapters/spi/cache/boltdb/writer.go:281.2,281.97 1 1
github.com/JackMatanky/lithos/internal/adapters/spi/cache/boltdb/writer.go:281.97,283.3 1 1
github.com/JackMatanky/lithos/internal/adapters/spi/cache/boltdb/writer.go:286.2,286.92 1 1
github.com/JackMatanky/lithos/internal/adapters/spi/cache/boltdb/writer.go:286.92,287.40 1 1
github.com/JackMatanky/lithos/internal/adapters/spi/cache/boltdb/writer.go:287.40,288.75 1 1
github.com/JackMatanky/lithos/internal/adapters/spi/cache/boltdb/writer.go:288.75,290.5 1 0
github.com/JackMatanky/lithos/internal/adapters/spi/cache/boltdb/writer.go:295.2,295.86 1 1
github.com/JackMatanky/lithos/internal/adapters/spi/cache/boltdb/writer.go:295.86,297.3 1 0
github.com/JackMatanky/lithos/internal/adapters/spi/cache/boltdb/writer.go:300.2,300.93 1 1
github.com/JackMatanky/lithos/internal/adapters/spi/cache/boltdb/writer.go:300.93,302.3 1 0
github.com/JackMatanky/lithos/internal/adapters/spi/cache/boltdb/writer.go:304.2,304.12 1 1
github.com/JackMatanky/lithos/internal/adapters/spi/cache/boltdb/writer.go:312.9,314.16 2 1
github.com/JackMatanky/lithos/internal/adapters/spi/cache/boltdb/writer.go:314.16,316.3 1 0
github.com/JackMatanky/lithos/internal/adapters/spi/cache/boltdb/writer.go:318.2,318.73 1 1
github.com/JackMatanky/lithos/internal/adapters/spi/cache/boltdb/writer.go:318.73,320.3 1 0
github.com/JackMatanky/lithos/internal/adapters/spi/cache/boltdb/writer.go:322.2,323.16 2 1
github.com/JackMatanky/lithos/internal/adapters/spi/cache/boltdb/writer.go:323.16,325.3 1 0
github.com/JackMatanky/lithos/internal/adapters/spi/cache/boltdb/writer.go:327.2,327.81 1 1
github.com/JackMatanky/lithos/internal/adapters/spi/cache/boltdb/writer.go:327.81,329.3 1 0
github.com/JackMatanky/lithos/internal/adapters/spi/cache/boltdb/writer.go:330.2,330.78 1 1
github.com/JackMatanky/lithos/internal/adapters/spi/cache/boltdb/writer.go:330.78,332.3 1 0
github.com/JackMatanky/lithos/internal/adapters/spi/cache/boltdb/writer.go:333.2,333.82 1 1
github.com/JackMatanky/lithos/internal/adapters/spi/cache/boltdb/writer.go:333.82,335.3 1 0
github.com/JackMatanky/lithos/internal/adapters/spi/cache/boltdb/writer.go:336.2,336.51 1 1
github.com/JackMatanky/lithos/internal/adapters/spi/cache/boltdb/writer.go:342.9,344.16 2 1
github.com/JackMatanky/lithos/internal/adapters/spi/cache/boltdb/writer.go:344.16,346.3 1 0
github.com/JackMatanky/lithos/internal/adapters/spi/cache/boltdb/writer.go:347.2,347.73 1 1
github.com/JackMatanky/lithos/internal/adapters/spi/cache/boltdb/writer.go:353.9,354.30 1 1
github.com/JackMatanky/lithos/internal/adapters/spi/cache/boltdb/writer.go:354.30,356.3 1 1
github.com/JackMatanky/lithos/internal/adapters/spi/cache/boltdb/writer.go:357.2,358.16 2 1
github.com/JackMatanky/lithos/internal/adapters/spi/cache/boltdb/writer.go:358.16,360.3 1 0
github.com/JackMatanky/lithos/internal/adapters/spi/cache/boltdb/writer.go:361.2,361.39 1 1
github.com/JackMatanky/lithos/internal/adapters/spi/cache/boltdb/writer.go:361.39,362.79 1 1
github.com/JackMatanky/lithos/internal/adapters/spi/cache/boltdb/writer.go:362.79,364.4 1 0
github.com/JackMatanky/lithos/internal/adapters/spi/cache/boltdb/writer.go:366.2,366.12 1 1
github.com/JackMatanky/lithos/internal/adapters/spi/cache/boltdb/writer.go:372.9,373.28 1 1
github.com/JackMatanky/lithos/internal/adapters/spi/cache/boltdb/writer.go:373.28,375.3 1 0
github.com/JackMatanky/lithos/internal/adapters/spi/cache/boltdb/writer.go:376.2,377.16 2 1
github.com/JackMatanky/lithos/internal/adapters/spi/cache/boltdb/writer.go:377.16,379.3 1 0
github.com/JackMatanky/lithos/internal/adapters/spi/cache/boltdb/writer.go:380.2,380.61 1 1
github.com/JackMatanky/lithos/internal/adapters/spi/cache/boltdb/writer.go:386.9,388.21 2 1
github.com/JackMatanky/lithos/internal/adapters/spi/cache/boltdb/writer.go:388.21,390.3 1 1
github.com/JackMatanky/lithos/internal/adapters/spi/cache/boltdb/writer.go:391.2,392.16 2 1
github.com/JackMatanky/lithos/internal/adapters/spi/cache/boltdb/writer.go:392.16,394.3 1 0
github.com/JackMatanky/lithos/internal/adapters/spi/cache/boltdb/writer.go:395.2,395.54 1 1
github.com/JackMatanky/lithos/internal/adapters/spi/cache/boltdb/writer.go:399.67,400.30 1 1
github.com/JackMatanky/lithos/internal/adapters/spi/cache/boltdb/writer.go:400.30,402.3 1 0
github.com/JackMatanky/lithos/internal/adapters/spi/cache/boltdb/writer.go:404.2,405.16 2 1
github.com/JackMatanky/lithos/internal/adapters/spi/cache/boltdb/writer.go:405.16,407.3 1 0
github.com/JackMatanky/lithos/internal/adapters/spi/cache/boltdb/writer.go:409.2,409.31 1 1
github.com/JackMatanky/lithos/internal/adapters/spi/cache/boltdb/writer.go:409.31,411.3 1 0
github.com/JackMatanky/lithos/internal/adapters/spi/cache/boltdb/writer.go:413.2,414.43 2 1
github.com/JackMatanky/lithos/internal/adapters/spi/cache/boltdb/writer.go:418.69,419.30 1 1
github.com/JackMatanky/lithos/internal/adapters/spi/cache/boltdb/writer.go:419.30,421.3 1 0
github.com/JackMatanky/lithos/internal/adapters/spi/cache/boltdb/writer.go:423.2,424.16 2 1
github.com/JackMatanky/lithos/internal/adapters/spi/cache/boltdb/writer.go:424.16,426.3 1 1
github.com/JackMatanky/lithos/internal/adapters/spi/cache/boltdb/writer.go:428.2,428.20 1 1
github.com/JackMatanky/lithos/internal/adapters/spi/cache/boltdb/writer.go:428.20,430.3 1 0
github.com/JackMatanky/lithos/internal/adapters/spi/cache/boltdb/writer.go:432.2,433.25 2 1
github.com/JackMatanky/lithos/internal/adapters/spi/cache/boltdb/writer.go:433.25,434.17 1 1
github.com/JackMatanky/lithos/internal/adapters/spi/cache/boltdb/writer.go:434.17,436.4 1 0
github.com/JackMatanky/lithos/internal/adapters/spi/cache/boltdb/writer.go:439.2,439.31 1 1
github.com/JackMatanky/lithos/internal/adapters/spi/cache/boltdb/writer.go:439.31,441.3 1 0
github.com/JackMatanky/lithos/internal/adapters/spi/cache/boltdb/writer.go:443.2,443.46 1 1
github.com/JackMatanky/lithos/internal/adapters/spi/cache/boltdb/writer.go:446.40,447.16 1 1
github.com/JackMatanky/lithos/internal/adapters/spi/cache/boltdb/writer.go:447.16,449.3 1 1
github.com/JackMatanky/lithos/internal/adapters/spi/cache/boltdb/writer.go:450.2,452.18 3 1
github.com/JackMatanky/lithos/internal/adapters/spi/cache/boltdb/writer.go:452.18,454.3 1 0
github.com/JackMatanky/lithos/internal/adapters/spi/cache/boltdb/writer.go:455.2,455.14 1 1
github.com/JackMatanky/lithos/internal/adapters/spi/cache/boltdb/writer.go:458.73,459.19 1 1
github.com/JackMatanky/lithos/internal/adapters/spi/cache/boltdb/writer.go:459.19,461.3 1 0
github.com/JackMatanky/lithos/internal/adapters/spi/cache/boltdb/writer.go:462.2,463.17 2 1
github.com/JackMatanky/lithos/internal/adapters/spi/cache/boltdb/writer.go:463.17,465.3 1 1
github.com/JackMatanky/lithos/internal/adapters/spi/cache/boltdb/writer.go:466.2,467.52 2 1
github.com/JackMatanky/lithos/internal/adapters/spi/cache/boltdb/writer.go:467.52,473.3 1 1
github.com/JackMatanky/lithos/internal/adapters/spi/cache/boltdb/writer.go:474.2,474.18 1 1
github.com/JackMatanky/lithos/internal/adapters/spi/cache/boltdb/writer.go:477.78,478.19 1 1
github.com/JackMatanky/lithos/internal/adapters/spi/cache/boltdb/writer.go:478.19,480.3 1 0
github.com/JackMatanky/lithos/internal/adapters/spi/cache/boltdb/writer.go:481.2,481.21 1 1
github.com/JackMatanky/lithos/internal/adapters/spi/cache/boltdb/writer.go:481.21,483.3 1 1
github.com/JackMatanky/lithos/internal/adapters/spi/cache/boltdb/writer.go:484.2,485.16 2 1
github.com/JackMatanky/lithos/internal/adapters/spi/cache/boltdb/writer.go:485.16,487.3 1 0
github.com/JackMatanky/lithos/internal/adapters/spi/cache/boltdb/writer.go:488.2,488.46 1 1
github.com/JackMatanky/lithos/internal/adapters/spi/cache/boltdb/writer.go:491.54,492.29 1 1
github.com/JackMatanky/lithos/internal/adapters/spi/cache/boltdb/writer.go:492.29,493.20 1 1
github.com/JackMatanky/lithos/internal/adapters/spi/cache/boltdb/writer.go:493.20,495.4 1 0
github.com/JackMatanky/lithos/internal/adapters/spi/cache/boltdb/writer.go:497.2,497.14 1 1
github.com/JackMatanky/lithos/internal/adapters/spi/cache/boltdb/writer.go:500.70,502.19 2 1
github.com/JackMatanky/lithos/internal/adapters/spi/cache/boltdb/writer.go:502.19,504.3 1 0
github.com/JackMatanky/lithos/internal/adapters/spi/cache/boltdb/writer.go:505.2,505.20 1 1
github.com/JackMatanky/lithos/internal/adapters/spi/cache/boltdb/writer.go:511.26,512.19 1 1
github.com/JackMatanky/lithos/internal/adapters/spi/cache/boltdb/writer.go:512.19,514.3 1 0
github.com/JackMatanky/lithos/internal/adapters/spi/cache/boltdb/writer.go:515.2,516.19 2 1
github.com/JackMatanky/lithos/internal/adapters/spi/cache/boltdb/writer.go:516.19,518.3 1 0
github.com/JackMatanky/lithos/internal/adapters/spi/cache/boltdb/writer.go:519.2,519.20 1 1
github.com/JackMatanky/lithos/internal/adapters/spi/dto/file_dates.go:17.57,22.2 1 1
github.com/JackMatanky/lithos/internal/adapters/spi/dto/file_dates.go:25.47,27.2 1 1
github.com/JackMatanky/lithos/internal/adapters/spi/dto/file_dates.go:31.38,33.2 1 1
github.com/JackMatanky/lithos/internal/adapters/spi/dto/vault_file.go:50.22,52.16 2 1
github.com/JackMatanky/lithos/internal/adapters/spi/dto/vault_file.go:52.16,54.3 1 1
github.com/JackMatanky/lithos/internal/adapters/spi/dto/vault_file.go:56.2,60.8 1 1
github.com/JackMatanky/lithos/internal/adapters/spi/dto/vault_file.go:64.38,67.2 2 1
github.com/JackMatanky/lithos/internal/adapters/spi/dto/vault_file.go:70.36,72.2 1 1
github.com/JackMatanky/lithos/internal/adapters/spi/dto/vault_file.go:75.33,77.2 1 1
github.com/JackMatanky/lithos/internal/adapters/spi/dto/vault_file.go:80.43,82.2 1 1
github.com/JackMatanky/lithos/internal/adapters/spi/dto/vault_file.go:85.33,87.2 1 1
github.com/JackMatanky/lithos/internal/adapters/spi/dto/vault_file.go:90.58,92.2 1 1
github.com/JackMatanky/lithos/internal/adapters/spi/dto/vault_file.go:95.63,96.21 1 1
github.com/JackMatanky/lithos/internal/adapters/spi/dto/vault_file.go:96.21,98.3 1 1
github.com/JackMatanky/lithos/internal/adapters/spi/dto/vault_file.go:100.2,101.16 2 1
github.com/JackMatanky/lithos/internal/adapters/spi/dto/vault_file.go:101.16,103.3 1 0
github.com/JackMatanky/lithos/internal/adapters/spi/dto/vault_file.go:105.2,108.58 3 1
github.com/JackMatanky/lithos/internal/adapters/spi/dto/vault_file.go:108.58,110.3 1 1
github.com/JackMatanky/lithos/internal/adapters/spi/dto/vault_file.go:112.2,112.21 1 1
github.com/JackMatanky/lithos/internal/adapters/spi/cache/sqlite/core.go:67.20,71.16 3 1
github.com/JackMatanky/lithos/internal/adapters/spi/cache/sqlite/core.go:71.16,73.3 1 0
github.com/JackMatanky/lithos/internal/adapters/spi/cache/sqlite/core.go:75.2,75.21 1 1
github.com/JackMatanky/lithos/internal/adapters/spi/cache/sqlite/core.go:75.21,76.86 1 1
github.com/JackMatanky/lithos/internal/adapters/spi/cache/sqlite/core.go:76.86,79.4 2 0
github.com/JackMatanky/lithos/internal/adapters/spi/cache/sqlite/core.go:82.2,82.16 1 1
github.com/JackMatanky/lithos/internal/adapters/spi/cache/sqlite/core.go:90.27,92.16 2 1
github.com/JackMatanky/lithos/internal/adapters/spi/cache/sqlite/core.go:92.16,94.3 1 0
github.com/JackMatanky/lithos/internal/adapters/spi/cache/sqlite/core.go:95.2,95.46 1 1
github.com/JackMatanky/lithos/internal/adapters/spi/cache/sqlite/core.go:99.57,101.16 2 1
github.com/JackMatanky/lithos/internal/adapters/spi/cache/sqlite/core.go:101.16,107.3 1 0
github.com/JackMatanky/lithos/internal/adapters/spi/cache/sqlite/core.go:110.2,111.98 2 1
github.com/JackMatanky/lithos/internal/adapters/spi/cache/sqlite/core.go:111.98,114.3 2 0
github.com/JackMatanky/lithos/internal/adapters/spi/cache/sqlite/core.go:117.2,117.64 1 1
github.com/JackMatanky/lithos/internal/adapters/spi/cache/sqlite/core.go:117.64,120.3 2 0
github.com/JackMatanky/lithos/internal/adapters/spi/cache/sqlite/core.go:121.2,121.61 1 1
github.com/JackMatanky/lithos/internal/adapters/spi/cache/sqlite/core.go:121.61,124.3 2 0
github.com/JackMatanky/lithos/internal/adapters/spi/cache/sqlite/core.go:126.2,126.16 1 1
github.com/JackMatanky/lithos/internal/adapters/spi/cache/sqlite/core.go:130.32,131.16 1 1
github.com/JackMatanky/lithos/internal/adapters/spi/cache/sqlite/core.go:131.16,133.3 1 0
github.com/JackMatanky/lithos/internal/adapters/spi/cache/sqlite/core.go:134.2,134.17 1 1
github.com/JackMatanky/lithos/internal/adapters/spi/cache/sqlite/reader.go:36.26,41.3 1 1
github.com/JackMatanky/lithos/internal/adapters/spi/cache/sqlite/reader.go:57.33,62.53 1 1
github.com/JackMatanky/lithos/internal/adapters/spi/cache/sqlite/reader.go:62.53,64.4 1 0
github.com/JackMatanky/lithos/internal/adapters/spi/cache/sqlite/reader.go:66.2,66.16 1 1
github.com/JackMatanky/lithos/internal/adapters/spi/cache/sqlite/reader.go:66.16,68.3 1 0
github.com/JackMatanky/lithos/internal/adapters/spi/cache/sqlite/reader.go:70.2,73.8 1 1
github.com/JackMatanky/lithos/internal/adapters/spi/cache/sqlite/reader.go:80.24,81.34 1 1
github.com/JackMatanky/lithos/internal/adapters/spi/cache/sqlite/reader.go:81.34,83.3 1 0
github.com/JackMatanky/lithos/internal/adapters/spi/cache/sqlite/reader.go:84.2,90.16 5 1
github.com/JackMatanky/lithos/internal/adapters/spi/cache/sqlite/reader.go:90.16,91.27 1 0
github.com/JackMatanky/lithos/internal/adapters/spi/cache/sqlite/reader.go:91.27,93.4 1 0
github.com/JackMatanky/lithos/internal/adapters/spi/cache/sqlite/reader.go:94.3,99.4 1 0
github.com/JackMatanky/lithos/internal/adapters/spi/cache/sqlite/reader.go:102.2,102.42 1 1
github.com/JackMatanky/lithos/internal/adapters/spi/cache/sqlite/reader.go:106.80,107.34 1 0
github.com/JackMatanky/lithos/internal/adapters/spi/cache/sqlite/reader.go:107.34,109.3 1 0
github.com/JackMatanky/lithos/internal/adapters/spi/cache/sqlite/reader.go:111.2,113.16 3 0
github.com/JackMatanky/lithos/internal/adapters/spi/cache/sqlite/reader.go:113.16,115.3 1 0
github.com/JackMatanky/lithos/internal/adapters/spi/cache/sqlite/reader.go:116.2,116.15 1 0
github.com/JackMatanky/lithos/internal/adapters/spi/cache/sqlite/reader.go:116.15,116.35 1 0
github.com/JackMatanky/lithos/internal/adapters/spi/cache/sqlite/reader.go:118.2,119.18 2 0
github.com/JackMatanky/lithos/internal/adapters/spi/cache/sqlite/reader.go:119.18,121.59 2 0
github.com/JackMatanky/lithos/internal/adapters/spi/cache/sqlite/reader.go:121.59,123.12 2 0
github.com/JackMatanky/lithos/internal/adapters/spi/cache/sqlite/reader.go:125.3,125.69 1 0
github.com/JackMatanky/lithos/internal/adapters/spi/cache/sqlite/reader.go:125.69,127.4 1 0
github.com/JackMatanky/lithos/internal/adapters/spi/cache/sqlite/reader.go:129.2,129.43 1 0
github.com/JackMatanky/lithos/internal/adapters/spi/cache/sqlite/reader.go:129.43,136.3 1 0
github.com/JackMatanky/lithos/internal/adapters/spi/cache/sqlite/reader.go:138.2,138.19 1 0
github.com/JackMatanky/lithos/internal/adapters/spi/cache/sqlite/reader.go:145.26,147.16 2 1
github.com/JackMatanky/lithos/internal/adapters/spi/cache/sqlite/reader.go:147.16,149.3 1 0
github.com/JackMatanky/lithos/internal/adapters/spi/cache/sqlite/reader.go:151.2,154.26 3 1
github.com/JackMatanky/lithos/internal/adapters/spi/cache/sqlite/reader.go:155.30,157.41 2 1
github.com/JackMatanky/lithos/internal/adapters/spi/cache/sqlite/reader.go:158.34,165.66 3 1
github.com/JackMatanky/lithos/internal/adapters/spi/cache/sqlite/reader.go:166.32,168.38 2 1
github.com/JackMatanky/lithos/internal/adapters/spi/cache/sqlite/reader.go:168.38,170.4 1 0
github.com/JackMatanky/lithos/internal/adapters/spi/cache/sqlite/reader.go:171.3,172.37 2 1
github.com/JackMatanky/lithos/internal/adapters/spi/cache/sqlite/reader.go:173.10,174.68 1 0
github.com/JackMatanky/lithos/internal/adapters/spi/cache/sqlite/reader.go:177.2,177.48 1 1
github.com/JackMatanky/lithos/internal/adapters/spi/cache/sqlite/reader.go:185.26,200.2 2 0
github.com/JackMatanky/lithos/internal/adapters/spi/cache/sqlite/reader.go:208.26,211.35 1 1
github.com/JackMatanky/lithos/internal/adapters/spi/cache/sqlite/reader.go:211.35,213.3 1 0
github.com/JackMatanky/lithos/internal/adapters/spi/cache/sqlite/reader.go:215.2,267.16 4 1
github.com/JackMatanky/lithos/internal/adapters/spi/cache/sqlite/reader.go:267.16,269.3 1 1
github.com/JackMatanky/lithos/internal/adapters/spi/cache/sqlite/reader.go:270.2,270.52 1 0
github.com/JackMatanky/lithos/internal/adapters/spi/cache/sqlite/reader.go:270.52,277.3 3 0
github.com/JackMatanky/lithos/internal/adapters/spi/cache/sqlite/reader.go:278.2,278.17 1 0
github.com/JackMatanky/lithos/internal/adapters/spi/cache/sqlite/reader.go:286.26,288.29 1 0
github.com/JackMatanky/lithos/internal/adapters/spi/cache/sqlite/reader.go:288.29,290.3 1 0
github.com/JackMatanky/lithos/internal/adapters/spi/cache/sqlite/reader.go:294.2,303.36 4 0
github.com/JackMatanky/lithos/internal/adapters/spi/cache/sqlite/reader.go:303.36,305.3 1 0
github.com/JackMatanky/lithos/internal/adapters/spi/cache/sqlite/reader.go:308.2,308.58 1 0
github.com/JackMatanky/lithos/internal/adapters/spi/cache/sqlite/reader.go:308.58,314.3 2 0
github.com/JackMatanky/lithos/internal/adapters/spi/cache/sqlite/reader.go:317.2,317.61 1 0
github.com/JackMatanky/lithos/internal/adapters/spi/cache/sqlite/reader.go:317.61,323.3 2 0
github.com/JackMatanky/lithos/internal/adapters/spi/cache/sqlite/reader.go:326.2,326.21 1 0
github.com/JackMatanky/lithos/internal/adapters/spi/cache/sqlite/reader.go:333.26,341.2 1 0
github.com/JackMatanky/lithos/internal/adapters/spi/cache/sqlite/reader.go:347.26,359.2 2 0
github.com/JackMatanky/lithos/internal/adapters/spi/cache/sqlite/reader.go:368.17,369.34 1 0
github.com/JackMatanky/lithos/internal/adapters/spi/cache/sqlite/reader.go:369.34,371.3 1 0
github.com/JackMatanky/lithos/internal/adapters/spi/cache/sqlite/reader.go:374.2,375.16 2 0
github.com/JackMatanky/lithos/internal/adapters/spi/cache/sqlite/reader.go:375.16,377.3 1 0
github.com/JackMatanky/lithos/internal/adapters/spi/cache/sqlite/reader.go:378.2,378.13 1 0
github.com/JackMatanky/lithos/internal/adapters/spi/cache/sqlite/reader.go:378.13,380.3 1 0
github.com/JackMatanky/lithos/internal/adapters/spi/cache/sqlite/reader.go:383.2,386.16 4 0
github.com/JackMatanky/lithos/internal/adapters/spi/cache/sqlite/reader.go:386.16,387.36 1 0
github.com/JackMatanky/lithos/internal/adapters/spi/cache/sqlite/reader.go:387.36,389.4 1 0
github.com/JackMatanky/lithos/internal/adapters/spi/cache/sqlite/reader.go:390.3,390.20 1 0
github.com/JackMatanky/lithos/internal/adapters/spi/cache/sqlite/reader.go:394.2,394.44 1 0
github.com/JackMatanky/lithos/internal/adapters/spi/cache/sqlite/reader.go:394.44,396.3 1 0
github.com/JackMatanky/lithos/internal/adapters/spi/cache/sqlite/reader.go:397.2,397.19 1 0
github.com/JackMatanky/lithos/internal/adapters/spi/cache/sqlite/reader.go:403.21,407.16 3 0
github.com/JackMatanky/lithos/internal/adapters/spi/cache/sqlite/reader.go:407.16,409.3 1 0
github.com/JackMatanky/lithos/internal/adapters/spi/cache/sqlite/reader.go:410.2,410.15 1 0
github.com/JackMatanky/lithos/internal/adapters/spi/cache/sqlite/reader.go:410.15,410.35 1 0
github.com/JackMatanky/lithos/internal/adapters/spi/cache/sqlite/reader.go:412.2,413.18 2 0
github.com/JackMatanky/lithos/internal/adapters/spi/cache/sqlite/reader.go:413.18,415.47 2 0
github.com/JackMatanky/lithos/internal/adapters/spi/cache/sqlite/reader.go:415.47,417.4 1 0
github.com/JackMatanky/lithos/internal/adapters/spi/cache/sqlite/reader.go:419.2,419.43 1 0
github.com/JackMatanky/lithos/internal/adapters/spi/cache/sqlite/reader.go:419.43,421.3 1 0
github.com/JackMatanky/lithos/internal/adapters/spi/cache/sqlite/reader.go:424.2,425.32 2 0
github.com/JackMatanky/lithos/internal/adapters/spi/cache/sqlite/reader.go:425.32,426.23 1 0
github.com/JackMatanky/lithos/internal/adapters/spi/cache/sqlite/reader.go:426.23,428.4 1 0
github.com/JackMatanky/lithos/internal/adapters/spi/cache/sqlite/reader.go:429.3,430.22 2 0
github.com/JackMatanky/lithos/internal/adapters/spi/cache/sqlite/reader.go:430.22,432.4 1 0
github.com/JackMatanky/lithos/internal/adapters/spi/cache/sqlite/reader.go:433.3,433.12 1 0
github.com/JackMatanky/lithos/internal/adapters/spi/cache/sqlite/reader.go:433.12,435.4 1 0
github.com/JackMatanky/lithos/internal/adapters/spi/cache/sqlite/reader.go:437.2,437.24 1 0
github.com/JackMatanky/lithos/internal/adapters/spi/cache/sqlite/reader.go:441.39,444.22 1 1
github.com/JackMatanky/lithos/internal/adapters/spi/cache/sqlite/reader.go:444.22,445.27 1 1
github.com/JackMatanky/lithos/internal/adapters/spi/cache/sqlite/reader.go:445.27,447.4 1 0
github.com/JackMatanky/lithos/internal/adapters/spi/cache/sqlite/reader.go:449.2,449.13 1 1
github.com/JackMatanky/lithos/internal/adapters/spi/cache/sqlite/reader.go:452.36,457.2 1 1
github.com/JackMatanky/lithos/internal/adapters/spi/cache/sqlite/reader.go:459.37,461.22 1 0
github.com/JackMatanky/lithos/internal/adapters/spi/cache/sqlite/reader.go:461.22,462.25 1 0
github.com/JackMatanky/lithos/internal/adapters/spi/cache/sqlite/reader.go:462.25,464.4 1 0
github.com/JackMatanky/lithos/internal/adapters/spi/cache/sqlite/reader.go:466.2,466.13 1 0
github.com/JackMatanky/lithos/internal/adapters/spi/cache/sqlite/reader.go:469.34,471.2 1 0
github.com/JackMatanky/lithos/internal/adapters/spi/cache/sqlite/reader.go:474.45,476.2 1 1
github.com/JackMatanky/lithos/internal/adapters/spi/cache/sqlite/reader.go:479.78,482.16 3 0
github.com/JackMatanky/lithos/internal/adapters/spi/cache/sqlite/reader.go:482.16,483.25 1 0
github.com/JackMatanky/lithos/internal/adapters/spi/cache/sqlite/reader.go:483.25,485.4 1 0
github.com/JackMatanky/lithos/internal/adapters/spi/cache/sqlite/reader.go:486.3,486.33 1 0
github.com/JackMatanky/lithos/internal/adapters/spi/cache/sqlite/reader.go:488.2,488.33 1 0
github.com/JackMatanky/lithos/internal/adapters/spi/cache/sqlite/reader.go:492.50,493.44 1 0
github.com/JackMatanky/lithos/internal/adapters/spi/cache/sqlite/reader.go:493.44,495.3 1 0
github.com/JackMatanky/lithos/internal/adapters/spi/cache/sqlite/reader.go:496.2,496.48 1 0
github.com/JackMatanky/lithos/internal/adapters/spi/cache/sqlite/reader.go:496.48,498.3 1 0
github.com/JackMatanky/lithos/internal/adapters/spi/cache/sqlite/reader.go:499.2,499.40 1 0
github.com/JackMatanky/lithos/internal/adapters/spi/cache/sqlite/reader.go:503.40,507.2 3 0
github.com/JackMatanky/lithos/internal/adapters/spi/cache/sqlite/reader.go:510.44,514.2 3 0
github.com/JackMatanky/lithos/internal/adapters/spi/cache/sqlite/reader.go:517.43,518.11 1 0
github.com/JackMatanky/lithos/internal/adapters/spi/cache/sqlite/reader.go:519.26,520.19 1 0
github.com/JackMatanky/lithos/internal/adapters/spi/cache/sqlite/reader.go:521.26,522.20 1 0
github.com/JackMatanky/lithos/internal/adapters/spi/cache/sqlite/reader.go:523.10,524.44 1 0
github.com/JackMatanky/lithos/internal/adapters/spi/cache/sqlite/reader.go:532.26,533.34 1 1
github.com/JackMatanky/lithos/internal/adapters/spi/cache/sqlite/reader.go:533.34,535.3 1 0
github.com/JackMatanky/lithos/internal/adapters/spi/cache/sqlite/reader.go:537.2,538.16 2 1
github.com/JackMatanky/lithos/internal/adapters/spi/cache/sqlite/reader.go:538.16,540.3 1 0
github.com/JackMatanky/lithos/internal/adapters/spi/cache/sqlite/reader.go:541.2,541.15 1 1
github.com/JackMatanky/lithos/internal/adapters/spi/cache/sqlite/reader.go:541.15,541.35 1 1
github.com/JackMatanky/lithos/internal/adapters/spi/cache/sqlite/reader.go:544.2,546.18 2 1
github.com/JackMatanky/lithos/internal/adapters/spi/cache/sqlite/reader.go:546.18,548.59 2 1
github.com/JackMatanky/lithos/internal/adapters/spi/cache/sqlite/reader.go:548.59,550.12 2 0
github.com/JackMatanky/lithos/internal/adapters/spi/cache/sqlite/reader.go:552.3,552.69 1 1
github.com/JackMatanky/lithos/internal/adapters/spi/cache/sqlite/reader.go:552.69,554.4 1 1
github.com/JackMatanky/lithos/internal/adapters/spi/cache/sqlite/reader.go:554.9,557.4 1 0
github.com/JackMatanky/lithos/internal/adapters/spi/cache/sqlite/reader.go:559.2,559.43 1 1
github.com/JackMatanky/lithos/internal/adapters/spi/cache/sqlite/reader.go:559.43,566.3 1 0
github.com/JackMatanky/lithos/internal/adapters/spi/cache/sqlite/reader.go:568.2,568.19 1 1
github.com/JackMatanky/lithos/internal/adapters/spi/cache/sqlite/reader.go:577.24,580.15 2 1
github.com/JackMatanky/lithos/internal/adapters/spi/cache/sqlite/reader.go:580.15,582.25 1 1
github.com/JackMatanky/lithos/internal/adapters/spi/cache/sqlite/reader.go:582.25,584.4 1 1
github.com/JackMatanky/lithos/internal/adapters/spi/cache/sqlite/reader.go:585.3,585.33 1 1
github.com/JackMatanky/lithos/internal/adapters/spi/cache/sqlite/reader.go:589.2,589.64 1 1
github.com/JackMatanky/lithos/internal/adapters/spi/cache/sqlite/reader.go:589.64,594.3 1 0
github.com/JackMatanky/lithos/internal/adapters/spi/cache/sqlite/reader.go:597.2,598.27 2 1
github.com/JackMatanky/lithos/internal/adapters/spi/cache/sqlite/reader.go:598.27,600.3 1 1
github.com/JackMatanky/lithos/internal/adapters/spi/cache/sqlite/reader.go:602.2,604.16 3 1
github.com/JackMatanky/lithos/internal/adapters/spi/cache/sqlite/reader.go:604.16,606.3 1 0
github.com/JackMatanky/lithos/internal/adapters/spi/cache/sqlite/reader.go:607.2,607.18 1 1
github.com/JackMatanky/lithos/internal/adapters/spi/cache/sqlite/view_identifiers.go:9.47,11.2 1 1
github.com/JackMatanky/lithos/internal/adapters/spi/cache/sqlite/view_identifiers.go:13.50,15.2 1 1
github.com/JackMatanky/lithos/internal/adapters/spi/cache/sqlite/view_identifiers.go:17.62,23.2 1 1
github.com/JackMatanky/lithos/internal/adapters/spi/cache/sqlite/view_identifiers.go:25.45,26.16 1 1
github.com/JackMatanky/lithos/internal/adapters/spi/cache/sqlite/view_identifiers.go:26.16,28.3 1 0
github.com/JackMatanky/lithos/internal/adapters/spi/cache/sqlite/view_identifiers.go:30.2,31.25 2 1
github.com/JackMatanky/lithos/internal/adapters/spi/cache/sqlite/view_identifiers.go:31.25,32.60 1 1
github.com/JackMatanky/lithos/internal/adapters/spi/cache/sqlite/view_identifiers.go:32.60,34.12 2 1
github.com/JackMatanky/lithos/internal/adapters/spi/cache/sqlite/view_identifiers.go:36.3,36.19 1 0
github.com/JackMatanky/lithos/internal/adapters/spi/cache/sqlite/view_identifiers.go:38.2,38.19 1 1
github.com/JackMatanky/lithos/internal/adapters/spi/cache/sqlite/view_migrator.go:32.23,34.33 2 1
github.com/JackMatanky/lithos/internal/adapters/spi/cache/sqlite/view_migrator.go:34.33,36.3 1 1
github.com/JackMatanky/lithos/internal/adapters/spi/cache/sqlite/view_migrator.go:38.2,38.24 1 1
github.com/JackMatanky/lithos/internal/adapters/spi/cache/sqlite/view_migrator.go:38.24,40.3 1 0
github.com/JackMatanky/lithos/internal/adapters/spi/cache/sqlite/view_migrator.go:42.2,46.3 1 1
github.com/JackMatanky/lithos/internal/adapters/spi/cache/sqlite/view_migrator.go:54.9,55.38 1 1
github.com/JackMatanky/lithos/internal/adapters/spi/cache/sqlite/view_migrator.go:55.38,57.3 1 0
github.com/JackMatanky/lithos/internal/adapters/spi/cache/sqlite/view_migrator.go:59.2,59.48 1 1
github.com/JackMatanky/lithos/internal/adapters/spi/cache/sqlite/view_migrator.go:59.48,61.3 1 0
github.com/JackMatanky/lithos/internal/adapters/spi/cache/sqlite/view_migrator.go:63.2,63.50 1 1
github.com/JackMatanky/lithos/internal/adapters/spi/cache/sqlite/view_migrator.go:63.50,65.3 1 1
github.com/JackMatanky/lithos/internal/adapters/spi/cache/sqlite/view_migrator.go:72.9,74.16 2 1
github.com/JackMatanky/lithos/internal/adapters/spi/cache/sqlite/view_migrator.go:74.16,76.3 1 0
github.com/JackMatanky/lithos/internal/adapters/spi/cache/sqlite/view_migrator.go:77.2,77.15 1 1
github.com/JackMatanky/lithos/internal/adapters/spi/cache/sqlite/view_migrator.go:77.15,77.36 1 1
github.com/JackMatanky/lithos/internal/adapters/spi/cache/sqlite/view_migrator.go:79.2,79.35 1 1
github.com/JackMatanky/lithos/internal/adapters/spi/cache/sqlite/view_migrator.go:79.35,81.3 1 0
github.com/JackMatanky/lithos/internal/adapters/spi/cache/sqlite/view_migrator.go:83.2,83.48 1 1
github.com/JackMatanky/lithos/internal/adapters/spi/cache/sqlite/view_migrator.go:83.48,85.3 1 0
github.com/JackMatanky/lithos/internal/adapters/spi/cache/sqlite/view_migrator.go:86.2,86.12 1 1
github.com/JackMatanky/lithos/internal/adapters/spi/cache/sqlite/view_migrator.go:94.9,96.16 2 1
github.com/JackMatanky/lithos/internal/adapters/spi/cache/sqlite/view_migrator.go:96.16,98.3 1 0
github.com/JackMatanky/lithos/internal/adapters/spi/cache/sqlite/view_migrator.go:100.2,104.19 4 1
github.com/JackMatanky/lithos/internal/adapters/spi/cache/sqlite/view_migrator.go:104.19,106.23 2 0
github.com/JackMatanky/lithos/internal/adapters/spi/cache/sqlite/view_migrator.go:106.23,108.4 1 0
github.com/JackMatanky/lithos/internal/adapters/spi/cache/sqlite/view_migrator.go:109.3,109.25 1 0
github.com/JackMatanky/lithos/internal/adapters/spi/cache/sqlite/view_migrator.go:112.2,112.19 1 1
github.com/JackMatanky/lithos/internal/adapters/spi/cache/sqlite/view_migrator.go:112.19,114.3 1 0
github.com/JackMatanky/lithos/internal/adapters/spi/cache/sqlite/view_migrator.go:116.2,116.74 1 1
github.com/JackMatanky/lithos/internal/adapters/spi/cache/sqlite/view_migrator.go:116.74,118.3 1 0
github.com/JackMatanky/lithos/internal/adapters/spi/cache/sqlite/view_migrator.go:120.2,124.20 2 1
github.com/JackMatanky/lithos/internal/adapters/spi/cache/sqlite/view_migrator.go:124.20,126.3 1 0
github.com/JackMatanky/lithos/internal/adapters/spi/cache/sqlite/view_migrator.go:127.2,127.71 1 1
github.com/JackMatanky/lithos/internal/adapters/spi/cache/sqlite/view_migrator.go:127.71,129.3 1 0
github.com/JackMatanky/lithos/internal/adapters/spi/cache/sqlite/view_migrator.go:131.2,131.85 1 1
github.com/JackMatanky/lithos/internal/adapters/spi/cache/sqlite/view_migrator.go:131.85,133.3 1 0
github.com/JackMatanky/lithos/internal/adapters/spi/cache/sqlite/view_migrator.go:135.2,138.12 2 1
github.com/JackMatanky/lithos/internal/adapters/spi/cache/sqlite/view_migrator.go:146.9,147.33 1 1
github.com/JackMatanky/lithos/internal/adapters/spi/cache/sqlite/view_migrator.go:147.33,148.38 1 0
github.com/JackMatanky/lithos/internal/adapters/spi/cache/sqlite/view_migrator.go:148.38,149.12 1 0
github.com/JackMatanky/lithos/internal/adapters/spi/cache/sqlite/view_migrator.go:151.3,151.66 1 0
github.com/JackMatanky/lithos/internal/adapters/spi/cache/sqlite/view_migrator.go:151.66,153.4 1 0
github.com/JackMatanky/lithos/internal/adapters/spi/cache/sqlite/view_migrator.go:154.3,158.21 1 0
github.com/JackMatanky/lithos/internal/adapters/spi/cache/sqlite/view_migrator.go:158.21,160.4 1 0
github.com/JackMatanky/lithos/internal/adapters/spi/cache/sqlite/view_migrator.go:161.3,163.56 1 0
github.com/JackMatanky/lithos/internal/adapters/spi/cache/sqlite/view_migrator.go:165.2,165.12 1 1
github.com/JackMatanky/lithos/internal/adapters/spi/cache/sqlite/view_migrator.go:171.9,172.53 1 1
github.com/JackMatanky/lithos/internal/adapters/spi/cache/sqlite/view_migrator.go:172.53,174.3 1 0
github.com/JackMatanky/lithos/internal/adapters/spi/cache/sqlite/view_migrator.go:176.2,177.16 2 1
github.com/JackMatanky/lithos/internal/adapters/spi/cache/sqlite/view_migrator.go:177.16,179.3 1 0
github.com/JackMatanky/lithos/internal/adapters/spi/cache/sqlite/view_migrator.go:181.2,182.35 2 1
github.com/JackMatanky/lithos/internal/adapters/spi/cache/sqlite/view_migrator.go:182.35,184.91 2 1
github.com/JackMatanky/lithos/internal/adapters/spi/cache/sqlite/view_migrator.go:184.91,186.4 1 0
github.com/JackMatanky/lithos/internal/adapters/spi/cache/sqlite/view_migrator.go:189.2,189.64 1 1
github.com/JackMatanky/lithos/internal/adapters/spi/cache/sqlite/view_migrator.go:192.65,200.16 2 1
github.com/JackMatanky/lithos/internal/adapters/spi/cache/sqlite/view_migrator.go:200.16,202.3 1 0
github.com/JackMatanky/lithos/internal/adapters/spi/cache/sqlite/view_migrator.go:203.2,203.12 1 1
github.com/JackMatanky/lithos/internal/adapters/spi/cache/sqlite/view_migrator.go:209.30,214.21 2 1
github.com/JackMatanky/lithos/internal/adapters/spi/cache/sqlite/view_migrator.go:214.21,216.3 1 0
github.com/JackMatanky/lithos/internal/adapters/spi/cache/sqlite/view_migrator.go:217.2,217.15 1 1
github.com/JackMatanky/lithos/internal/adapters/spi/cache/sqlite/view_migrator.go:217.15,217.35 1 1
github.com/JackMatanky/lithos/internal/adapters/spi/cache/sqlite/view_migrator.go:219.2,220.18 2 1
github.com/JackMatanky/lithos/internal/adapters/spi/cache/sqlite/view_migrator.go:220.18,222.62 2 0
github.com/JackMatanky/lithos/internal/adapters/spi/cache/sqlite/view_migrator.go:222.62,224.4 1 0
github.com/JackMatanky/lithos/internal/adapters/spi/cache/sqlite/view_migrator.go:225.3,225.31 1 0
github.com/JackMatanky/lithos/internal/adapters/spi/cache/sqlite/view_migrator.go:227.2,227.43 1 1
github.com/JackMatanky/lithos/internal/adapters/spi/cache/sqlite/view_migrator.go:227.43,229.3 1 0
github.com/JackMatanky/lithos/internal/adapters/spi/cache/sqlite/view_migrator.go:230.2,230.24 1 1
github.com/JackMatanky/lithos/internal/adapters/spi/cache/sqlite/view_migrator.go:233.60,234.78 1 1
github.com/JackMatanky/lithos/internal/adapters/spi/cache/sqlite/view_migrator.go:234.78,236.3 1 0
github.com/JackMatanky/lithos/internal/adapters/spi/cache/sqlite/view_migrator.go:237.2,237.12 1 1
github.com/JackMatanky/lithos/internal/adapters/spi/cache/sqlite/view_migrator.go:240.60,242.21 2 1
github.com/JackMatanky/lithos/internal/adapters/spi/cache/sqlite/view_migrator.go:242.21,244.3 1 1
github.com/JackMatanky/lithos/internal/adapters/spi/cache/sqlite/view_migrator.go:246.2,254.16 3 1
github.com/JackMatanky/lithos/internal/adapters/spi/cache/sqlite/view_migrator.go:254.16,256.3 1 0
github.com/JackMatanky/lithos/internal/adapters/spi/cache/sqlite/view_migrator.go:257.2,258.40 2 1
github.com/JackMatanky/lithos/internal/adapters/spi/cache/sqlite/view_migrator.go:265.9,266.54 1 1
github.com/JackMatanky/lithos/internal/adapters/spi/cache/sqlite/view_migrator.go:266.54,267.17 1 1
github.com/JackMatanky/lithos/internal/adapters/spi/cache/sqlite/view_migrator.go:267.17,268.12 1 0
github.com/JackMatanky/lithos/internal/adapters/spi/cache/sqlite/view_migrator.go:270.3,270.54 1 1
github.com/JackMatanky/lithos/internal/adapters/spi/cache/sqlite/view_migrator.go:270.54,272.4 1 0
github.com/JackMatanky/lithos/internal/adapters/spi/cache/sqlite/view_migrator.go:274.2,274.12 1 1
github.com/JackMatanky/lithos/internal/adapters/spi/cache/sqlite/view_migrator.go:277.53,280.29 3 1
github.com/JackMatanky/lithos/internal/adapters/spi/cache/sqlite/view_migrator.go:280.29,282.17 2 1
github.com/JackMatanky/lithos/internal/adapters/spi/cache/sqlite/view_migrator.go:282.17,283.12 1 1
github.com/JackMatanky/lithos/internal/adapters/spi/cache/sqlite/view_migrator.go:285.3,285.34 1 1
github.com/JackMatanky/lithos/internal/adapters/spi/cache/sqlite/view_migrator.go:287.2,287.16 1 1
github.com/JackMatanky/lithos/internal/adapters/spi/cache/sqlite/view_migrator.go:295.9,308.16 2 1
github.com/JackMatanky/lithos/internal/adapters/spi/cache/sqlite/view_migrator.go:308.16,310.3 1 0
github.com/JackMatanky/lithos/internal/adapters/spi/cache/sqlite/view_migrator.go:311.2,311.12 1 1
github.com/JackMatanky/lithos/internal/adapters/spi/cache/sqlite/view_migrator.go:318.9,319.63 1 1
github.com/JackMatanky/lithos/internal/adapters/spi/cache/sqlite/view_migrator.go:319.63,321.3 1 0
github.com/JackMatanky/lithos/internal/adapters/spi/cache/sqlite/view_migrator.go:322.2,326.16 2 1
github.com/JackMatanky/lithos/internal/adapters/spi/cache/sqlite/view_migrator.go:326.16,328.3 1 0
github.com/JackMatanky/lithos/internal/adapters/spi/cache/sqlite/view_migrator.go:329.2,329.12 1 1
github.com/JackMatanky/lithos/internal/adapters/spi/cache/sqlite/view_migrator.go:336.9,338.16 2 1
github.com/JackMatanky/lithos/internal/adapters/spi/cache/sqlite/view_migrator.go:338.16,340.3 1 0
github.com/JackMatanky/lithos/internal/adapters/spi/cache/sqlite/view_migrator.go:341.2,341.15 1 1
github.com/JackMatanky/lithos/internal/adapters/spi/cache/sqlite/view_migrator.go:341.15,341.35 1 1
github.com/JackMatanky/lithos/internal/adapters/spi/cache/sqlite/view_migrator.go:343.2,344.18 2 1
github.com/JackMatanky/lithos/internal/adapters/spi/cache/sqlite/view_migrator.go:344.18,350.84 6 1
github.com/JackMatanky/lithos/internal/adapters/spi/cache/sqlite/view_migrator.go:350.84,352.4 1 0
github.com/JackMatanky/lithos/internal/adapters/spi/cache/sqlite/view_migrator.go:353.3,353.38 1 1
github.com/JackMatanky/lithos/internal/adapters/spi/cache/sqlite/view_migrator.go:353.38,357.22 1 0
github.com/JackMatanky/lithos/internal/adapters/spi/cache/sqlite/view_migrator.go:357.22,359.5 1 0
github.com/JackMatanky/lithos/internal/adapters/spi/cache/sqlite/view_migrator.go:362.2,362.43 1 1
github.com/JackMatanky/lithos/internal/adapters/spi/cache/sqlite/view_migrator.go:362.43,364.3 1 0
github.com/JackMatanky/lithos/internal/adapters/spi/cache/sqlite/view_migrator.go:365.2,365.12 1 1
github.com/JackMatanky/lithos/internal/adapters/spi/cache/sqlite/view_migrator.go:368.77,375.41 3 0
github.com/JackMatanky/lithos/internal/adapters/spi/cache/sqlite/view_migrator.go:375.41,377.3 1 0
github.com/JackMatanky/lithos/internal/adapters/spi/cache/sqlite/view_migrator.go:378.2,378.23 1 0
github.com/JackMatanky/lithos/internal/adapters/spi/cache/sqlite/view_migrator.go:381.57,383.29 2 1
github.com/JackMatanky/lithos/internal/adapters/spi/cache/sqlite/view_migrator.go:383.29,386.3 2 1
github.com/JackMatanky/lithos/internal/adapters/spi/cache/sqlite/view_migrator.go:387.2,387.37 1 1
github.com/JackMatanky/lithos/internal/adapters/spi/cache/sqlite/view_migrator.go:387.37,393.3 2 0
github.com/JackMatanky/lithos/internal/adapters/spi/cache/sqlite/view_migrator.go:394.2,394.27 1 1
github.com/JackMatanky/lithos/internal/adapters/spi/cache/sqlite/view_migrator.go:394.27,396.3 1 0
github.com/JackMatanky/lithos/internal/adapters/spi/cache/sqlite/view_migrator.go:397.2,397.12 1 1
github.com/JackMatanky/lithos/internal/adapters/spi/cache/sqlite/views.go:17.67,18.26 1 1
github.com/JackMatanky/lithos/internal/adapters/spi/cache/sqlite/views.go:18.26,20.3 1 0
github.com/JackMatanky/lithos/internal/adapters/spi/cache/sqlite/views.go:21.2,21.10 1 1
github.com/JackMatanky/lithos/internal/adapters/spi/cache/sqlite/views.go:26.63,30.2 1 1
github.com/JackMatanky/lithos/internal/adapters/spi/cache/sqlite/views.go:37.19,40.23 2 1
github.com/JackMatanky/lithos/internal/adapters/spi/cache/sqlite/views.go:40.23,42.3 1 1
github.com/JackMatanky/lithos/internal/adapters/spi/cache/sqlite/views.go:44.2,59.41 5 1
github.com/JackMatanky/lithos/internal/adapters/spi/cache/sqlite/views.go:59.41,78.3 8 1
github.com/JackMatanky/lithos/internal/adapters/spi/cache/sqlite/views.go:90.2,107.30 6 1
github.com/JackMatanky/lithos/internal/adapters/spi/cache/sqlite/views.go:107.30,110.3 2 1
github.com/JackMatanky/lithos/internal/adapters/spi/cache/sqlite/views.go:112.2,112.25 1 1
github.com/JackMatanky/lithos/internal/adapters/spi/cache/sqlite/views.go:115.61,116.26 1 1
github.com/JackMatanky/lithos/internal/adapters/spi/cache/sqlite/views.go:117.26,118.47 1 1
github.com/JackMatanky/lithos/internal/adapters/spi/cache/sqlite/views.go:119.24,120.50 1 1
github.com/JackMatanky/lithos/internal/adapters/spi/cache/sqlite/views.go:121.62,122.47 1 1
github.com/JackMatanky/lithos/internal/adapters/spi/cache/sqlite/views.go:123.10,124.72 1 0
github.com/JackMatanky/lithos/internal/adapters/spi/cache/sqlite/views.go:124.72,126.4 1 0
github.com/JackMatanky/lithos/internal/adapters/spi/cache/sqlite/views.go:127.3,127.14 1 0
github.com/JackMatanky/lithos/internal/adapters/spi/cache/sqlite/writer.go:30.33,35.53 1 1
github.com/JackMatanky/lithos/internal/adapters/spi/cache/sqlite/writer.go:35.53,37.4 1 0
github.com/JackMatanky/lithos/internal/adapters/spi/cache/sqlite/writer.go:39.2,39.16 1 1
github.com/JackMatanky/lithos/internal/adapters/spi/cache/sqlite/writer.go:39.16,41.3 1 0
github.com/JackMatanky/lithos/internal/adapters/spi/cache/sqlite/writer.go:43.2,46.8 1 1
github.com/JackMatanky/lithos/internal/adapters/spi/cache/sqlite/writer.go:54.9,55.34 1 1
github.com/JackMatanky/lithos/internal/adapters/spi/cache/sqlite/writer.go:55.34,57.3 1 0
github.com/JackMatanky/lithos/internal/adapters/spi/cache/sqlite/writer.go:59.2,61.16 3 1
github.com/JackMatanky/lithos/internal/adapters/spi/cache/sqlite/writer.go:61.16,63.3 1 0
github.com/JackMatanky/lithos/internal/adapters/spi/cache/sqlite/writer.go:65.2,72.3 1 1
github.com/JackMatanky/lithos/internal/adapters/spi/cache/sqlite/writer.go:79.26,80.19 1 1
github.com/JackMatanky/lithos/internal/adapters/spi/cache/sqlite/writer.go:80.19,82.3 1 0
github.com/JackMatanky/lithos/internal/adapters/spi/cache/sqlite/writer.go:83.2,83.43 1 1
github.com/JackMatanky/lithos/internal/adapters/spi/cache/sqlite/writer.go:83.43,85.3 1 1
github.com/JackMatanky/lithos/internal/adapters/spi/cache/sqlite/writer.go:86.2,86.64 1 0
github.com/JackMatanky/lithos/internal/adapters/spi/cache/sqlite/writer.go:86.64,88.3 1 0
github.com/JackMatanky/lithos/internal/adapters/spi/cache/sqlite/writer.go:89.2,90.27 2 0
github.com/JackMatanky/lithos/internal/adapters/spi/cache/sqlite/writer.go:90.27,92.3 1 0
github.com/JackMatanky/lithos/internal/adapters/spi/cache/sqlite/writer.go:93.2,94.15 2 0
github.com/JackMatanky/lithos/internal/adapters/spi/cache/sqlite/writer.go:101.9,102.34 1 1
github.com/JackMatanky/lithos/internal/adapters/spi/cache/sqlite/writer.go:102.34,104.3 1 0
github.com/JackMatanky/lithos/internal/adapters/spi/cache/sqlite/writer.go:106.2,107.16 2 1
github.com/JackMatanky/lithos/internal/adapters/spi/cache/sqlite/writer.go:107.16,114.3 1 0
github.com/JackMatanky/lithos/internal/adapters/spi/cache/sqlite/writer.go:115.2,115.12 1 1
github.com/JackMatanky/lithos/internal/adapters/spi/cache/sqlite/writer.go:119.45,121.2 1 1
github.com/JackMatanky/lithos/internal/adapters/spi/cache/sqlite/writer.go:126.66,133.16 3 1
github.com/JackMatanky/lithos/internal/adapters/spi/cache/sqlite/writer.go:133.16,140.3 1 0
github.com/JackMatanky/lithos/internal/adapters/spi/cache/sqlite/writer.go:142.2,144.22 3 1
github.com/JackMatanky/lithos/internal/adapters/spi/cache/sqlite/writer.go:144.22,146.3 1 0
github.com/JackMatanky/lithos/internal/adapters/spi/cache/sqlite/writer.go:147.2,148.19 2 1
github.com/JackMatanky/lithos/internal/adapters/spi/cache/sqlite/writer.go:148.19,150.3 1 0
github.com/JackMatanky/lithos/internal/adapters/spi/cache/sqlite/writer.go:151.2,151.8 1 1
github.com/JackMatanky/lithos/internal/adapters/spi/cache/sqlite/writer.go:161.9,163.16 2 1
github.com/JackMatanky/lithos/internal/adapters/spi/cache/sqlite/writer.go:163.16,170.3 1 0
github.com/JackMatanky/lithos/internal/adapters/spi/cache/sqlite/writer.go:171.2,171.15 1 1
github.com/JackMatanky/lithos/internal/adapters/spi/cache/sqlite/writer.go:171.15,171.36 1 1
github.com/JackMatanky/lithos/internal/adapters/spi/cache/sqlite/writer.go:173.2,183.16 2 1
github.com/JackMatanky/lithos/internal/adapters/spi/cache/sqlite/writer.go:183.16,185.3 1 0
github.com/JackMatanky/lithos/internal/adapters/spi/cache/sqlite/writer.go:187.2,187.35 1 1
github.com/JackMatanky/lithos/internal/adapters/spi/cache/sqlite/writer.go:187.35,189.3 1 0
github.com/JackMatanky/lithos/internal/adapters/spi/cache/sqlite/writer.go:190.2,190.12 1 1
github.com/JackMatanky/lithos/internal/adapters/spi/cache/sqlite/writer.go:193.59,194.19 1 0
github.com/JackMatanky/lithos/internal/adapters/spi/cache/sqlite/writer.go:194.19,196.3 1 0
github.com/JackMatanky/lithos/internal/adapters/spi/cache/sqlite/writer.go:197.2,197.41 1 0
github.com/JackMatanky/lithos/internal/adapters/spi/cache/sqlite/writer.go:197.41,198.27 1 0
github.com/JackMatanky/lithos/internal/adapters/spi/cache/sqlite/writer.go:199.14,200.12 1 0
github.com/JackMatanky/lithos/internal/adapters/spi/cache/sqlite/writer.go:201.12,202.19 1 0
github.com/JackMatanky/lithos/internal/adapters/spi/cache/sqlite/writer.go:203.16,204.19 1 0
github.com/JackMatanky/lithos/internal/adapters/spi/cache/sqlite/writer.go:207.2,207.36 1 0
github.com/JackMatanky/lithos/internal/adapters/spi/cache/sqlite/writer.go:207.36,208.27 1 0
github.com/JackMatanky/lithos/internal/adapters/spi/cache/sqlite/writer.go:209.14,210.12 1 0
github.com/JackMatanky/lithos/internal/adapters/spi/cache/sqlite/writer.go:211.12,212.19 1 0
github.com/JackMatanky/lithos/internal/adapters/spi/cache/sqlite/writer.go:213.16,214.19 1 0
github.com/JackMatanky/lithos/internal/adapters/spi/cache/sqlite/writer.go:217.2,217.10 1 0
github.com/JackMatanky/lithos/internal/adapters/spi/template/go_template.go:35.31,45.16 5 1
github.com/JackMatanky/lithos/internal/adapters/spi/template/go_template.go:45.16,47.56 1 1
github.com/JackMatanky/lithos/internal/adapters/spi/template/go_template.go:47.56,49.4 1 1
github.com/JackMatanky/lithos/internal/adapters/spi/template/go_template.go:50.3,50.18 1 1
github.com/JackMatanky/lithos/internal/adapters/spi/template/go_template.go:54.2,56.21 2 1
github.com/JackMatanky/lithos/internal/adapters/spi/template/go_template.go:62.28,63.24 1 1
github.com/JackMatanky/lithos/internal/adapters/spi/template/go_template.go:63.24,65.3 1 0
github.com/JackMatanky/lithos/internal/adapters/spi/template/go_template.go:68.2,69.17 2 1
github.com/JackMatanky/lithos/internal/adapters/spi/template/go_template.go:69.17,71.3 1 0
github.com/JackMatanky/lithos/internal/adapters/spi/template/go_template.go:73.2,77.8 1 1
github.com/JackMatanky/lithos/internal/adapters/spi/template/go_template.go:81.45,83.2 1 1
github.com/JackMatanky/lithos/internal/adapters/spi/template/go_template.go:86.39,88.2 1 0
github.com/JackMatanky/lithos/internal/adapters/spi/template/go_template.go:91.56,94.81 2 1
github.com/JackMatanky/lithos/internal/adapters/spi/template/go_template.go:94.81,96.3 1 1
github.com/JackMatanky/lithos/internal/adapters/spi/template/go_template.go:97.2,97.26 1 1
github.com/JackMatanky/lithos/internal/adapters/spi/template/go_template.go:101.48,103.2 1 0
github.com/JackMatanky/lithos/internal/adapters/spi/template/loader.go:45.26,53.2 1 1
github.com/JackMatanky/lithos/internal/adapters/spi/template/loader.go:62.32,73.56 4 1
github.com/JackMatanky/lithos/internal/adapters/spi/template/loader.go:73.56,74.18 1 1
github.com/JackMatanky/lithos/internal/adapters/spi/template/loader.go:74.18,80.5 2 0
github.com/JackMatanky/lithos/internal/adapters/spi/template/loader.go:83.4,83.20 1 1
github.com/JackMatanky/lithos/internal/adapters/spi/template/loader.go:83.20,85.5 1 1
github.com/JackMatanky/lithos/internal/adapters/spi/template/loader.go:88.4,88.35 1 1
github.com/JackMatanky/lithos/internal/adapters/spi/template/loader.go:88.35,101.5 6 1
github.com/JackMatanky/lithos/internal/adapters/spi/template/loader.go:103.4,103.14 1 1
github.com/JackMatanky/lithos/internal/adapters/spi/template/loader.go:107.2,107.16 1 1
github.com/JackMatanky/lithos/internal/adapters/spi/template/loader.go:107.16,111.3 2 0
github.com/JackMatanky/lithos/internal/adapters/spi/template/loader.go:114.2,114.44 1 1
github.com/JackMatanky/lithos/internal/adapters/spi/template/loader.go:114.44,116.3 1 1
github.com/JackMatanky/lithos/internal/adapters/spi/template/loader.go:118.2,119.23 2 1
github.com/JackMatanky/lithos/internal/adapters/spi/template/loader.go:127.28,131.16 3 1
github.com/JackMatanky/lithos/internal/adapters/spi/template/loader.go:131.16,133.3 1 1
github.com/JackMatanky/lithos/internal/adapters/spi/template/loader.go:135.2,136.16 2 1
github.com/JackMatanky/lithos/internal/adapters/spi/template/loader.go:136.16,138.3 1 0
github.com/JackMatanky/lithos/internal/adapters/spi/template/loader.go:140.2,141.16 2 1
github.com/JackMatanky/lithos/internal/adapters/spi/template/loader.go:141.16,143.3 1 1
github.com/JackMatanky/lithos/internal/adapters/spi/template/loader.go:145.2,149.22 3 1
github.com/JackMatanky/lithos/internal/adapters/spi/template/loader.go:157.19,159.12 2 1
github.com/JackMatanky/lithos/internal/adapters/spi/template/loader.go:159.12,161.3 1 1
github.com/JackMatanky/lithos/internal/adapters/spi/template/loader.go:164.2,164.27 1 1
github.com/JackMatanky/lithos/internal/adapters/spi/template/loader.go:164.27,165.46 1 1
github.com/JackMatanky/lithos/internal/adapters/spi/template/loader.go:165.46,172.4 1 0
github.com/JackMatanky/lithos/internal/adapters/spi/template/loader.go:174.3,174.33 1 1
github.com/JackMatanky/lithos/internal/adapters/spi/template/loader.go:177.2,177.13 1 1
github.com/JackMatanky/lithos/internal/adapters/spi/template/loader.go:177.13,187.3 2 1
github.com/JackMatanky/lithos/internal/adapters/spi/template/loader.go:189.2,189.18 1 0
github.com/JackMatanky/lithos/internal/adapters/spi/template/loader.go:193.74,196.16 3 1
github.com/JackMatanky/lithos/internal/adapters/spi/template/loader.go:196.16,199.3 2 0
github.com/JackMatanky/lithos/internal/adapters/spi/template/loader.go:200.2,200.12 1 1
github.com/JackMatanky/lithos/internal/adapters/spi/template/loader.go:206.19,208.16 2 1
github.com/JackMatanky/lithos/internal/adapters/spi/template/loader.go:208.16,219.3 2 0
github.com/JackMatanky/lithos/internal/adapters/spi/template/loader.go:220.2,220.21 1 1
github.com/JackMatanky/lithos/internal/adapters/spi/template/loader.go:227.9,228.26 1 1
github.com/JackMatanky/lithos/internal/adapters/spi/template/loader.go:228.26,238.3 2 1
github.com/JackMatanky/lithos/internal/adapters/spi/template/loader.go:239.2,239.12 1 1
github.com/JackMatanky/lithos/internal/adapters/spi/config/viper.go:53.17,57.2 1 1
github.com/JackMatanky/lithos/internal/adapters/spi/config/viper.go:75.73,80.9 2 1
github.com/JackMatanky/lithos/internal/adapters/spi/config/viper.go:81.20,82.36 1 0
github.com/JackMatanky/lithos/internal/adapters/spi/config/viper.go:83.10,83.10 0 1
github.com/JackMatanky/lithos/internal/adapters/spi/config/viper.go:87.2,88.16 2 1
github.com/JackMatanky/lithos/internal/adapters/spi/config/viper.go:88.16,91.3 1 1
github.com/JackMatanky/lithos/internal/adapters/spi/config/viper.go:91.8,95.67 2 1
github.com/JackMatanky/lithos/internal/adapters/spi/config/viper.go:95.67,98.4 1 0
github.com/JackMatanky/lithos/internal/adapters/spi/config/viper.go:102.2,105.75 2 1
github.com/JackMatanky/lithos/internal/adapters/spi/config/viper.go:105.75,110.3 1 1
github.com/JackMatanky/lithos/internal/adapters/spi/config/viper.go:112.2,118.17 2 1
github.com/JackMatanky/lithos/internal/adapters/spi/config/viper.go:133.9,139.49 5 1
github.com/JackMatanky/lithos/internal/adapters/spi/config/viper.go:139.49,141.3 1 0
github.com/JackMatanky/lithos/internal/adapters/spi/config/viper.go:146.2,146.49 1 1
github.com/JackMatanky/lithos/internal/adapters/spi/config/viper.go:146.49,148.3 1 1
github.com/JackMatanky/lithos/internal/adapters/spi/config/viper.go:148.8,150.3 1 1
github.com/JackMatanky/lithos/internal/adapters/spi/config/viper.go:151.2,151.52 1 1
github.com/JackMatanky/lithos/internal/adapters/spi/config/viper.go:151.52,153.3 1 1
github.com/JackMatanky/lithos/internal/adapters/spi/config/viper.go:154.2,154.50 1 1
github.com/JackMatanky/lithos/internal/adapters/spi/config/viper.go:154.50,156.3 1 1
github.com/JackMatanky/lithos/internal/adapters/spi/config/viper.go:157.2,157.57 1 1
github.com/JackMatanky/lithos/internal/adapters/spi/config/viper.go:157.57,159.3 1 1
github.com/JackMatanky/lithos/internal/adapters/spi/config/viper.go:160.2,160.48 1 1
github.com/JackMatanky/lithos/internal/adapters/spi/config/viper.go:160.48,162.3 1 1
github.com/JackMatanky/lithos/internal/adapters/spi/config/viper.go:163.2,163.48 1 1
github.com/JackMatanky/lithos/internal/adapters/spi/config/viper.go:163.48,165.3 1 1
github.com/JackMatanky/lithos/internal/adapters/spi/config/viper.go:167.2,167.12 1 1
github.com/JackMatanky/lithos/internal/adapters/spi/config/viper.go:182.59,184.16 2 1
github.com/JackMatanky/lithos/internal/adapters/spi/config/viper.go:184.16,189.3 1 0
github.com/JackMatanky/lithos/internal/adapters/spi/config/viper.go:191.2,191.6 1 1
github.com/JackMatanky/lithos/internal/adapters/spi/config/viper.go:191.6,193.56 2 1
github.com/JackMatanky/lithos/internal/adapters/spi/config/viper.go:193.56,196.4 1 1
github.com/JackMatanky/lithos/internal/adapters/spi/config/viper.go:199.3,200.20 2 1
github.com/JackMatanky/lithos/internal/adapters/spi/config/viper.go:200.20,203.4 1 1
github.com/JackMatanky/lithos/internal/adapters/spi/config/viper.go:204.3,204.15 1 1
github.com/JackMatanky/lithos/internal/adapters/spi/config/viper.go:219.64,232.50 4 1
github.com/JackMatanky/lithos/internal/adapters/spi/config/viper.go:232.50,232.71 1 1
github.com/JackMatanky/lithos/internal/adapters/spi/config/viper.go:236.50,236.74 1 1
github.com/JackMatanky/lithos/internal/adapters/spi/config/viper.go:240.50,240.72 1 1
github.com/JackMatanky/lithos/internal/adapters/spi/config/viper.go:244.50,244.78 1 1
github.com/JackMatanky/lithos/internal/adapters/spi/config/viper.go:248.50,248.70 1 1
github.com/JackMatanky/lithos/internal/adapters/spi/config/viper.go:252.50,252.70 1 1
github.com/JackMatanky/lithos/internal/adapters/spi/config/viper.go:257.2,257.43 1 1
github.com/JackMatanky/lithos/internal/adapters/spi/config/viper.go:257.43,258.44 1 1
github.com/JackMatanky/lithos/internal/adapters/spi/config/viper.go:258.44,263.4 2 1
github.com/JackMatanky/lithos/internal/adapters/spi/config/viper.go:280.61,282.16 2 1
github.com/JackMatanky/lithos/internal/adapters/spi/config/viper.go:282.16,283.25 1 1
github.com/JackMatanky/lithos/internal/adapters/spi/config/viper.go:283.25,285.4 1 1
github.com/JackMatanky/lithos/internal/adapters/spi/config/viper.go:286.3,286.57 1 0
github.com/JackMatanky/lithos/internal/adapters/spi/config/viper.go:289.2,289.19 1 1
github.com/JackMatanky/lithos/internal/adapters/spi/config/viper.go:289.19,291.3 1 1
github.com/JackMatanky/lithos/internal/adapters/spi/config/viper.go:293.2,293.12 1 1
github.com/JackMatanky/lithos/internal/adapters/spi/schema/dereferencer.go:44.54,46.2 1 1
github.com/JackMatanky/lithos/internal/adapters/spi/schema/dereferencer.go:66.30,68.9 1 1
github.com/JackMatanky/lithos/internal/adapters/spi/schema/dereferencer.go:69.20,70.24 1 1
github.com/JackMatanky/lithos/internal/adapters/spi/schema/dereferencer.go:71.10,71.10 0 1
github.com/JackMatanky/lithos/internal/adapters/spi/schema/dereferencer.go:74.2,74.26 1 1
github.com/JackMatanky/lithos/internal/adapters/spi/schema/dereferencer.go:74.26,76.3 1 1
github.com/JackMatanky/lithos/internal/adapters/spi/schema/dereferencer.go:78.2,80.34 2 1
github.com/JackMatanky/lithos/internal/adapters/spi/schema/dereferencer.go:80.34,82.35 1 1
github.com/JackMatanky/lithos/internal/adapters/spi/schema/dereferencer.go:82.35,84.4 1 0
github.com/JackMatanky/lithos/internal/adapters/spi/schema/dereferencer.go:86.3,86.10 1 1
github.com/JackMatanky/lithos/internal/adapters/spi/schema/dereferencer.go:87.29,89.43 1 1
github.com/JackMatanky/lithos/internal/adapters/spi/schema/dereferencer.go:90.32,98.18 2 1
github.com/JackMatanky/lithos/internal/adapters/spi/schema/dereferencer.go:98.18,100.5 1 1
github.com/JackMatanky/lithos/internal/adapters/spi/schema/dereferencer.go:101.4,101.37 1 1
github.com/JackMatanky/lithos/internal/adapters/spi/schema/dereferencer.go:102.11,104.12 1 0
github.com/JackMatanky/lithos/internal/adapters/spi/schema/dereferencer.go:108.2,108.20 1 1
github.com/JackMatanky/lithos/internal/adapters/spi/schema/dereferencer.go:119.28,122.13 2 1
github.com/JackMatanky/lithos/internal/adapters/spi/schema/dereferencer.go:122.13,137.3 1 1
github.com/JackMatanky/lithos/internal/adapters/spi/schema/dereferencer.go:145.2,155.54 2 1
github.com/JackMatanky/lithos/internal/adapters/spi/schema/dereferencer.go:155.54,167.3 1 0
github.com/JackMatanky/lithos/internal/adapters/spi/schema/dereferencer.go:169.2,169.26 1 1
github.com/JackMatanky/lithos/internal/adapters/spi/schema/dto.go:32.44,33.17 1 1
github.com/JackMatanky/lithos/internal/adapters/spi/schema/dto.go:33.17,35.3 1 0
github.com/JackMatanky/lithos/internal/adapters/spi/schema/dto.go:37.2,38.48 2 1
github.com/JackMatanky/lithos/internal/adapters/spi/schema/dto.go:38.48,40.3 1 1
github.com/JackMatanky/lithos/internal/adapters/spi/schema/dto.go:42.2,42.36 1 0
github.com/JackMatanky/lithos/internal/adapters/spi/schema/dto.go:42.36,43.74 1 0
github.com/JackMatanky/lithos/internal/adapters/spi/schema/dto.go:43.74,45.4 1 0
github.com/JackMatanky/lithos/internal/adapters/spi/schema/dto.go:48.2,48.14 1 0
github.com/JackMatanky/lithos/internal/adapters/spi/schema/dto.go:55.32,58.38 2 1
github.com/JackMatanky/lithos/internal/adapters/spi/schema/dto.go:58.38,61.17 2 1
github.com/JackMatanky/lithos/internal/adapters/spi/schema/dto.go:61.17,63.4 1 0
github.com/JackMatanky/lithos/internal/adapters/spi/schema/dto.go:64.3,64.24 1 1
github.com/JackMatanky/lithos/internal/adapters/spi/schema/dto.go:67.2,68.16 2 1
github.com/JackMatanky/lithos/internal/adapters/spi/schema/dto.go:68.16,75.3 1 0
github.com/JackMatanky/lithos/internal/adapters/spi/schema/dto.go:77.2,77.22 1 1
github.com/JackMatanky/lithos/internal/adapters/spi/schema/dto.go:86.26,92.34 3 1
github.com/JackMatanky/lithos/internal/adapters/spi/schema/dto.go:92.34,94.3 1 1
github.com/JackMatanky/lithos/internal/adapters/spi/schema/dto.go:95.2,97.28 2 1
github.com/JackMatanky/lithos/internal/adapters/spi/schema/dto.go:97.28,102.68 3 1
github.com/JackMatanky/lithos/internal/adapters/spi/schema/dto.go:102.68,112.12 3 1
github.com/JackMatanky/lithos/internal/adapters/spi/schema/dto.go:116.3,117.17 2 1
github.com/JackMatanky/lithos/internal/adapters/spi/schema/dto.go:117.17,119.4 1 0
github.com/JackMatanky/lithos/internal/adapters/spi/schema/dto.go:120.3,123.5 1 1
github.com/JackMatanky/lithos/internal/adapters/spi/schema/dto.go:127.2,134.16 3 1
github.com/JackMatanky/lithos/internal/adapters/spi/schema/dto.go:134.16,136.3 1 1
github.com/JackMatanky/lithos/internal/adapters/spi/schema/dto.go:138.2,144.8 1 1
github.com/JackMatanky/lithos/internal/adapters/spi/schema/errors.go:12.9,19.2 1 1
github.com/JackMatanky/lithos/internal/adapters/spi/schema/extender.go:30.42,32.2 1 1
github.com/JackMatanky/lithos/internal/adapters/spi/schema/extender.go:50.28,52.9 1 1
github.com/JackMatanky/lithos/internal/adapters/spi/schema/extender.go:53.20,54.24 1 1
github.com/JackMatanky/lithos/internal/adapters/spi/schema/extender.go:55.10,55.10 0 1
github.com/JackMatanky/lithos/internal/adapters/spi/schema/extender.go:59.2,62.55 2 1
github.com/JackMatanky/lithos/internal/adapters/spi/schema/extender.go:62.55,64.3 1 1
github.com/JackMatanky/lithos/internal/adapters/spi/schema/extender.go:67.2,73.39 4 1
github.com/JackMatanky/lithos/internal/adapters/spi/schema/extender.go:73.39,75.35 1 1
github.com/JackMatanky/lithos/internal/adapters/spi/schema/extender.go:75.35,77.4 1 0
github.com/JackMatanky/lithos/internal/adapters/spi/schema/extender.go:79.3,81.52 3 1
github.com/JackMatanky/lithos/internal/adapters/spi/schema/extender.go:84.2,84.22 1 1
github.com/JackMatanky/lithos/internal/adapters/spi/schema/extender.go:90.21,92.33 2 1
github.com/JackMatanky/lithos/internal/adapters/spi/schema/extender.go:92.33,93.27 1 1
github.com/JackMatanky/lithos/internal/adapters/spi/schema/extender.go:93.27,95.4 1 1
github.com/JackMatanky/lithos/internal/adapters/spi/schema/extender.go:97.2,97.14 1 1
github.com/JackMatanky/lithos/internal/adapters/spi/schema/extender.go:104.9,109.47 4 1
github.com/JackMatanky/lithos/internal/adapters/spi/schema/extender.go:109.47,114.50 4 1
github.com/JackMatanky/lithos/internal/adapters/spi/schema/extender.go:114.50,115.93 1 1
github.com/JackMatanky/lithos/internal/adapters/spi/schema/extender.go:115.93,117.5 1 1
github.com/JackMatanky/lithos/internal/adapters/spi/schema/extender.go:120.3,121.13 2 1
github.com/JackMatanky/lithos/internal/adapters/spi/schema/extender.go:124.2,124.33 1 1
github.com/JackMatanky/lithos/internal/adapters/spi/schema/extender.go:124.33,125.28 1 1
github.com/JackMatanky/lithos/internal/adapters/spi/schema/extender.go:125.28,126.55 1 1
github.com/JackMatanky/lithos/internal/adapters/spi/schema/extender.go:126.55,128.5 1 1
github.com/JackMatanky/lithos/internal/adapters/spi/schema/extender.go:132.2,132.12 1 1
github.com/JackMatanky/lithos/internal/adapters/spi/schema/extender.go:141.9,142.22 1 1
github.com/JackMatanky/lithos/internal/adapters/spi/schema/extender.go:142.22,151.3 2 1
github.com/JackMatanky/lithos/internal/adapters/spi/schema/extender.go:152.2,152.22 1 1
github.com/JackMatanky/lithos/internal/adapters/spi/schema/extender.go:152.22,154.3 1 1
github.com/JackMatanky/lithos/internal/adapters/spi/schema/extender.go:155.2,155.12 1 1
github.com/JackMatanky/lithos/internal/adapters/spi/schema/extender.go:162.19,168.28 5 1
github.com/JackMatanky/lithos/internal/adapters/spi/schema/extender.go:168.28,169.20 1 1
github.com/JackMatanky/lithos/internal/adapters/spi/schema/extender.go:169.20,171.4 1 1
github.com/JackMatanky/lithos/internal/adapters/spi/schema/extender.go:173.3,176.50 2 1
github.com/JackMatanky/lithos/internal/adapters/spi/schema/extender.go:176.50,178.4 1 1
github.com/JackMatanky/lithos/internal/adapters/spi/schema/extender.go:181.3,181.48 1 1
github.com/JackMatanky/lithos/internal/adapters/spi/schema/extender.go:181.48,183.4 1 1
github.com/JackMatanky/lithos/internal/adapters/spi/schema/extender.go:186.2,186.33 1 1
github.com/JackMatanky/lithos/internal/adapters/spi/schema/extender.go:186.33,188.3 1 1
github.com/JackMatanky/lithos/internal/adapters/spi/schema/extender.go:190.2,190.15 1 1
github.com/JackMatanky/lithos/internal/adapters/spi/schema/extender.go:196.28,198.33 2 1
github.com/JackMatanky/lithos/internal/adapters/spi/schema/extender.go:198.33,200.3 1 1
github.com/JackMatanky/lithos/internal/adapters/spi/schema/extender.go:201.2,201.18 1 1
github.com/JackMatanky/lithos/internal/adapters/spi/schema/extender.go:208.17,211.26 2 1
github.com/JackMatanky/lithos/internal/adapters/spi/schema/extender.go:211.26,212.60 1 1
github.com/JackMatanky/lithos/internal/adapters/spi/schema/extender.go:212.60,214.4 1 1
github.com/JackMatanky/lithos/internal/adapters/spi/schema/extender.go:220.2,231.17 3 1
github.com/JackMatanky/lithos/internal/adapters/spi/schema/extender.go:238.21,252.46 6 1
github.com/JackMatanky/lithos/internal/adapters/spi/schema/extender.go:252.46,254.3 1 1
github.com/JackMatanky/lithos/internal/adapters/spi/schema/extender.go:257.2,258.29 2 1
github.com/JackMatanky/lithos/internal/adapters/spi/schema/extender.go:258.29,259.45 1 1
github.com/JackMatanky/lithos/internal/adapters/spi/schema/extender.go:259.45,261.4 1 1
github.com/JackMatanky/lithos/internal/adapters/spi/schema/extender.go:264.2,264.14 1 1
github.com/JackMatanky/lithos/internal/adapters/spi/schema/extender.go:275.3,276.35 1 1
github.com/JackMatanky/lithos/internal/adapters/spi/schema/extender.go:276.35,277.54 1 1
github.com/JackMatanky/lithos/internal/adapters/spi/schema/extender.go:277.54,278.49 1 1
github.com/JackMatanky/lithos/internal/adapters/spi/schema/extender.go:278.49,281.5 2 1
github.com/JackMatanky/lithos/internal/adapters/spi/schema/extender.go:293.3,295.41 2 1
github.com/JackMatanky/lithos/internal/adapters/spi/schema/extender.go:295.41,299.3 1 1
github.com/JackMatanky/lithos/internal/adapters/spi/schema/extender.go:299.8,303.3 2 1
github.com/JackMatanky/lithos/internal/adapters/spi/schema/extender.go:307.61,309.32 2 1
github.com/JackMatanky/lithos/internal/adapters/spi/schema/extender.go:309.32,311.3 1 1
github.com/JackMatanky/lithos/internal/adapters/spi/schema/extender.go:312.2,312.19 1 1
github.com/JackMatanky/lithos/internal/adapters/spi/schema/loader.go:40.24,55.2 1 1
github.com/JackMatanky/lithos/internal/adapters/spi/schema/loader.go:62.49,63.34 1 1
github.com/JackMatanky/lithos/internal/adapters/spi/schema/loader.go:63.34,65.3 1 0
github.com/JackMatanky/lithos/internal/adapters/spi/schema/loader.go:68.2,69.14 2 1
github.com/JackMatanky/lithos/internal/adapters/spi/schema/loader.go:69.14,71.3 1 0
github.com/JackMatanky/lithos/internal/adapters/spi/schema/loader.go:74.2,74.29 1 1
github.com/JackMatanky/lithos/internal/adapters/spi/schema/loader.go:78.90,80.19 2 1
github.com/JackMatanky/lithos/internal/adapters/spi/schema/loader.go:80.19,82.3 1 1
github.com/JackMatanky/lithos/internal/adapters/spi/schema/loader.go:84.2,87.50 3 1
github.com/JackMatanky/lithos/internal/adapters/spi/schema/loader.go:87.50,88.19 1 0
github.com/JackMatanky/lithos/internal/adapters/spi/schema/loader.go:88.19,90.4 1 0
github.com/JackMatanky/lithos/internal/adapters/spi/schema/loader.go:91.3,91.69 1 0
github.com/JackMatanky/lithos/internal/adapters/spi/schema/loader.go:94.2,94.42 1 1
github.com/JackMatanky/lithos/internal/adapters/spi/schema/loader.go:100.49,102.16 2 1
github.com/JackMatanky/lithos/internal/adapters/spi/schema/loader.go:102.16,104.3 1 1
github.com/JackMatanky/lithos/internal/adapters/spi/schema/loader.go:106.2,107.16 2 1
github.com/JackMatanky/lithos/internal/adapters/spi/schema/loader.go:107.16,109.3 1 1
github.com/JackMatanky/lithos/internal/adapters/spi/schema/loader.go:111.2,112.16 2 1
github.com/JackMatanky/lithos/internal/adapters/spi/schema/loader.go:112.16,114.3 1 0
github.com/JackMatanky/lithos/internal/adapters/spi/schema/loader.go:116.2,117.35 2 1
github.com/JackMatanky/lithos/internal/adapters/spi/schema/loader.go:123.32,125.16 2 1
github.com/JackMatanky/lithos/internal/adapters/spi/schema/loader.go:125.16,127.3 1 1
github.com/JackMatanky/lithos/internal/adapters/spi/schema/loader.go:129.2,129.18 1 1
github.com/JackMatanky/lithos/internal/adapters/spi/schema/loader.go:129.18,134.3 1 1
github.com/JackMatanky/lithos/internal/adapters/spi/schema/loader.go:136.2,136.18 1 1
github.com/JackMatanky/lithos/internal/adapters/spi/schema/loader.go:142.28,144.16 2 1
github.com/JackMatanky/lithos/internal/adapters/spi/schema/loader.go:144.16,146.3 1 1
github.com/JackMatanky/lithos/internal/adapters/spi/schema/loader.go:148.2,148.18 1 1
github.com/JackMatanky/lithos/internal/adapters/spi/schema/loader.go:148.18,153.3 1 1
github.com/JackMatanky/lithos/internal/adapters/spi/schema/loader.go:155.2,155.21 1 1
github.com/JackMatanky/lithos/internal/adapters/spi/schema/loader.go:161.28,162.56 1 1
github.com/JackMatanky/lithos/internal/adapters/spi/schema/loader.go:162.56,164.3 1 0
github.com/JackMatanky/lithos/internal/adapters/spi/schema/loader.go:166.2,167.16 2 1
github.com/JackMatanky/lithos/internal/adapters/spi/schema/loader.go:167.16,169.3 1 0
github.com/JackMatanky/lithos/internal/adapters/spi/schema/loader.go:171.2,171.18 1 1
github.com/JackMatanky/lithos/internal/adapters/spi/schema/loader.go:171.18,175.3 1 1
github.com/JackMatanky/lithos/internal/adapters/spi/schema/loader.go:177.2,177.29 1 1
github.com/JackMatanky/lithos/internal/adapters/spi/schema/loader.go:183.3,185.19 2 1
github.com/JackMatanky/lithos/internal/adapters/spi/schema/loader.go:185.19,191.3 5 1
github.com/JackMatanky/lithos/internal/adapters/spi/schema/loader.go:196.32,199.16 3 1
github.com/JackMatanky/lithos/internal/adapters/spi/schema/loader.go:199.16,201.3 1 1
github.com/JackMatanky/lithos/internal/adapters/spi/schema/loader.go:203.2,204.66 2 1
github.com/JackMatanky/lithos/internal/adapters/spi/schema/loader.go:204.66,211.3 1 1
github.com/JackMatanky/lithos/internal/adapters/spi/schema/loader.go:213.2,213.37 1 1
github.com/JackMatanky/lithos/internal/adapters/spi/schema/loader.go:219.28,224.53 2 1
github.com/JackMatanky/lithos/internal/adapters/spi/schema/loader.go:224.53,225.18 1 1
github.com/JackMatanky/lithos/internal/adapters/spi/schema/loader.go:225.18,227.5 1 0
github.com/JackMatanky/lithos/internal/adapters/spi/schema/loader.go:228.4,228.17 1 1
github.com/JackMatanky/lithos/internal/adapters/spi/schema/loader.go:228.17,230.5 1 1
github.com/JackMatanky/lithos/internal/adapters/spi/schema/loader.go:232.4,236.6 1 1
github.com/JackMatanky/lithos/internal/adapters/spi/schema/loader.go:236.6,238.5 1 1
github.com/JackMatanky/lithos/internal/adapters/spi/schema/loader.go:240.4,240.55 1 1
github.com/JackMatanky/lithos/internal/adapters/spi/schema/loader.go:240.55,242.5 1 0
github.com/JackMatanky/lithos/internal/adapters/spi/schema/loader.go:244.4,245.18 2 1
github.com/JackMatanky/lithos/internal/adapters/spi/schema/loader.go:245.18,247.5 1 1
github.com/JackMatanky/lithos/internal/adapters/spi/schema/loader.go:249.4,250.14 2 1
github.com/JackMatanky/lithos/internal/adapters/spi/schema/loader.go:254.2,254.20 1 1
github.com/JackMatanky/lithos/internal/adapters/spi/schema/loader.go:254.20,261.3 1 1
github.com/JackMatanky/lithos/internal/adapters/spi/schema/loader.go:263.2,263.42 1 1
github.com/JackMatanky/lithos/internal/adapters/spi/schema/loader.go:263.42,265.3 1 1
github.com/JackMatanky/lithos/internal/adapters/spi/schema/loader.go:267.2,267.21 1 1
github.com/JackMatanky/lithos/internal/adapters/spi/schema/loader.go:274.26,276.16 2 1
github.com/JackMatanky/lithos/internal/adapters/spi/schema/loader.go:276.16,283.3 1 0
github.com/JackMatanky/lithos/internal/adapters/spi/schema/loader.go:285.2,286.66 2 1
github.com/JackMatanky/lithos/internal/adapters/spi/schema/loader.go:286.66,293.3 1 1
github.com/JackMatanky/lithos/internal/adapters/spi/schema/loader.go:295.2,296.16 2 1
github.com/JackMatanky/lithos/internal/adapters/spi/schema/loader.go:296.16,298.3 1 0
github.com/JackMatanky/lithos/internal/adapters/spi/schema/loader.go:299.2,299.20 1 1
github.com/JackMatanky/lithos/internal/adapters/spi/schema/loader.go:306.9,307.18 1 1
github.com/JackMatanky/lithos/internal/adapters/spi/schema/loader.go:307.18,309.3 1 1
github.com/JackMatanky/lithos/internal/adapters/spi/schema/loader.go:311.2,311.62 1 1
github.com/JackMatanky/lithos/internal/adapters/spi/schema/loader.go:311.62,312.19 1 0
github.com/JackMatanky/lithos/internal/adapters/spi/schema/loader.go:312.19,314.4 1 0
github.com/JackMatanky/lithos/internal/adapters/spi/schema/loader.go:315.3,315.57 1 0
github.com/JackMatanky/lithos/internal/adapters/spi/schema/loader.go:318.2,318.18 1 1
github.com/JackMatanky/lithos/internal/adapters/spi/schema/loader.go:318.18,320.3 1 1
github.com/JackMatanky/lithos/internal/adapters/spi/schema/loader.go:322.2,322.12 1 1
github.com/JackMatanky/lithos/internal/adapters/spi/schema/loader.go:329.28,330.18 1 1
github.com/JackMatanky/lithos/internal/adapters/spi/schema/loader.go:330.18,332.3 1 1
github.com/JackMatanky/lithos/internal/adapters/spi/schema/loader.go:334.2,335.16 2 1
github.com/JackMatanky/lithos/internal/adapters/spi/schema/loader.go:335.16,336.19 1 0
github.com/JackMatanky/lithos/internal/adapters/spi/schema/loader.go:336.19,338.4 1 0
github.com/JackMatanky/lithos/internal/adapters/spi/schema/loader.go:339.3,339.67 1 0
github.com/JackMatanky/lithos/internal/adapters/spi/schema/loader.go:342.2,342.18 1 1
github.com/JackMatanky/lithos/internal/adapters/spi/schema/loader.go:342.18,344.3 1 1
github.com/JackMatanky/lithos/internal/adapters/spi/schema/loader.go:346.2,346.29 1 1
github.com/JackMatanky/lithos/internal/adapters/spi/schema/loader.go:351.62,352.36 1 1
github.com/JackMatanky/lithos/internal/adapters/spi/schema/loader.go:352.36,362.3 1 1
github.com/JackMatanky/lithos/internal/adapters/spi/schema/loader.go:364.2,369.3 1 0
github.com/JackMatanky/lithos/internal/adapters/spi/schema/loader.go:374.44,376.2 1 1
github.com/JackMatanky/lithos/internal/adapters/spi/schema/loader.go:378.66,382.9 3 1
github.com/JackMatanky/lithos/internal/adapters/spi/schema/loader.go:383.18,388.5 1 1
github.com/JackMatanky/lithos/internal/adapters/spi/schema/loader.go:389.38,390.37 1 1
github.com/JackMatanky/lithos/internal/adapters/spi/schema/loader.go:391.10,392.17 1 0
github.com/JackMatanky/lithos/internal/adapters/spi/schema/loader.go:395.2,397.57 1 1
github.com/JackMatanky/lithos/internal/adapters/spi/schema/loader.go:397.57,398.22 1 1
github.com/JackMatanky/lithos/internal/adapters/spi/schema/loader.go:398.22,400.5 1 0
github.com/JackMatanky/lithos/internal/adapters/spi/schema/loader.go:401.4,401.17 1 1
github.com/JackMatanky/lithos/internal/adapters/spi/schema/loader.go:401.17,403.5 1 1
github.com/JackMatanky/lithos/internal/adapters/spi/schema/loader.go:404.4,408.6 1 1
github.com/JackMatanky/lithos/internal/adapters/spi/schema/loader.go:408.6,410.5 1 1
github.com/JackMatanky/lithos/internal/adapters/spi/schema/loader.go:411.4,411.55 1 1
github.com/JackMatanky/lithos/internal/adapters/spi/schema/loader.go:411.55,413.5 1 0
github.com/JackMatanky/lithos/internal/adapters/spi/schema/loader.go:415.4,416.22 2 1
github.com/JackMatanky/lithos/internal/adapters/spi/schema/loader.go:416.22,418.5 1 0
github.com/JackMatanky/lithos/internal/adapters/spi/schema/loader.go:420.4,426.14 2 1
github.com/JackMatanky/lithos/internal/adapters/spi/schema/loader.go:429.2,429.16 1 1
github.com/JackMatanky/lithos/internal/adapters/spi/schema/loader.go:429.16,431.3 1 1
github.com/JackMatanky/lithos/internal/adapters/spi/schema/loader.go:433.2,434.38 2 1
github.com/JackMatanky/lithos/internal/adapters/spi/schema/loader.go:437.60,438.23 1 1
github.com/JackMatanky/lithos/internal/adapters/spi/schema/loader.go:438.23,440.3 1 1
github.com/JackMatanky/lithos/internal/adapters/spi/schema/loader.go:441.2,443.15 3 1
github.com/JackMatanky/lithos/internal/adapters/spi/schema/loader.go:446.70,447.31 1 1
github.com/JackMatanky/lithos/internal/adapters/spi/schema/loader.go:447.31,449.3 1 0
github.com/JackMatanky/lithos/internal/adapters/spi/schema/loader.go:450.2,451.36 2 1
github.com/JackMatanky/lithos/internal/adapters/spi/schema/loader.go:451.36,453.3 1 1
github.com/JackMatanky/lithos/internal/adapters/spi/schema/loader.go:454.2,454.47 1 1
github.com/JackMatanky/lithos/internal/adapters/spi/schema/property_decoder.go:13.77,15.14 2 1
github.com/JackMatanky/lithos/internal/adapters/spi/schema/property_decoder.go:15.14,17.3 1 1
github.com/JackMatanky/lithos/internal/adapters/spi/schema/property_decoder.go:18.2,19.66 2 1
github.com/JackMatanky/lithos/internal/adapters/spi/schema/property_decoder.go:19.66,21.3 1 0
github.com/JackMatanky/lithos/internal/adapters/spi/schema/property_decoder.go:22.2,22.19 1 1
github.com/JackMatanky/lithos/internal/adapters/spi/schema/property_decoder.go:22.19,24.3 1 1
github.com/JackMatanky/lithos/internal/adapters/spi/schema/property_decoder.go:25.2,25.21 1 1
github.com/JackMatanky/lithos/internal/adapters/spi/schema/property_decoder.go:31.37,33.17 2 1
github.com/JackMatanky/lithos/internal/adapters/spi/schema/property_decoder.go:33.17,34.70 1 1
github.com/JackMatanky/lithos/internal/adapters/spi/schema/property_decoder.go:34.70,36.4 1 0
github.com/JackMatanky/lithos/internal/adapters/spi/schema/property_decoder.go:39.2,40.14 2 1
github.com/JackMatanky/lithos/internal/adapters/spi/schema/property_decoder.go:40.14,41.64 1 1
github.com/JackMatanky/lithos/internal/adapters/spi/schema/property_decoder.go:41.64,43.4 1 0
github.com/JackMatanky/lithos/internal/adapters/spi/schema/property_decoder.go:45.2,45.29 1 1
github.com/JackMatanky/lithos/internal/adapters/spi/schema/property_decoder.go:52.28,61.2 6 1
github.com/JackMatanky/lithos/internal/adapters/spi/schema/property_decoder.go:66.79,69.65 2 1
github.com/JackMatanky/lithos/internal/adapters/spi/schema/property_decoder.go:69.65,71.3 1 1
github.com/JackMatanky/lithos/internal/adapters/spi/schema/property_decoder.go:74.2,75.16 2 1
github.com/JackMatanky/lithos/internal/adapters/spi/schema/property_decoder.go:75.16,77.3 1 1
github.com/JackMatanky/lithos/internal/adapters/spi/schema/property_decoder.go:80.2,81.16 2 1
github.com/JackMatanky/lithos/internal/adapters/spi/schema/property_decoder.go:81.16,83.3 1 0
github.com/JackMatanky/lithos/internal/adapters/spi/schema/property_decoder.go:86.2,87.16 2 1
github.com/JackMatanky/lithos/internal/adapters/spi/schema/property_decoder.go:87.16,89.3 1 0
github.com/JackMatanky/lithos/internal/adapters/spi/schema/property_decoder.go:91.2,91.48 1 1
github.com/JackMatanky/lithos/internal/adapters/spi/schema/property_decoder.go:100.28,104.22 2 1
github.com/JackMatanky/lithos/internal/adapters/spi/schema/property_decoder.go:104.22,111.3 1 0
github.com/JackMatanky/lithos/internal/adapters/spi/schema/property_decoder.go:113.2,114.9 2 1
github.com/JackMatanky/lithos/internal/adapters/spi/schema/property_decoder.go:114.9,121.3 1 1
github.com/JackMatanky/lithos/internal/adapters/spi/schema/property_decoder.go:123.2,124.16 2 1
github.com/JackMatanky/lithos/internal/adapters/spi/schema/property_decoder.go:124.16,131.3 1 0
github.com/JackMatanky/lithos/internal/adapters/spi/schema/property_decoder.go:134.2,141.16 2 1
github.com/JackMatanky/lithos/internal/adapters/spi/schema/property_decoder.go:141.16,148.3 1 0
github.com/JackMatanky/lithos/internal/adapters/spi/schema/property_decoder.go:150.2,150.26 1 1
github.com/JackMatanky/lithos/internal/adapters/spi/schema/registry.go:59.74,67.2 1 1
github.com/JackMatanky/lithos/internal/adapters/spi/schema/registry.go:82.9,86.9 2 1
github.com/JackMatanky/lithos/internal/adapters/spi/schema/registry.go:87.20,88.19 1 0
github.com/JackMatanky/lithos/internal/adapters/spi/schema/registry.go:89.10,89.10 0 1
github.com/JackMatanky/lithos/internal/adapters/spi/schema/registry.go:92.2,95.54 3 1
github.com/JackMatanky/lithos/internal/adapters/spi/schema/registry.go:95.54,101.3 2 0
github.com/JackMatanky/lithos/internal/adapters/spi/schema/registry.go:104.2,109.33 3 1
github.com/JackMatanky/lithos/internal/adapters/spi/schema/registry.go:109.33,123.3 8 1
github.com/JackMatanky/lithos/internal/adapters/spi/schema/registry.go:126.2,126.40 1 1
github.com/JackMatanky/lithos/internal/adapters/spi/schema/registry.go:126.40,128.3 1 1
github.com/JackMatanky/lithos/internal/adapters/spi/schema/registry.go:131.2,137.12 3 1
github.com/JackMatanky/lithos/internal/adapters/spi/schema/registry.go:151.26,153.9 1 1
github.com/JackMatanky/lithos/internal/adapters/spi/schema/registry.go:154.20,155.36 1 0
github.com/JackMatanky/lithos/internal/adapters/spi/schema/registry.go:156.10,156.10 0 1
github.com/JackMatanky/lithos/internal/adapters/spi/schema/registry.go:159.2,163.13 4 1
github.com/JackMatanky/lithos/internal/adapters/spi/schema/registry.go:163.13,169.3 1 1
github.com/JackMatanky/lithos/internal/adapters/spi/schema/registry.go:172.2,183.24 8 1
github.com/JackMatanky/lithos/internal/adapters/spi/schema/registry.go:198.28,200.9 1 1
github.com/JackMatanky/lithos/internal/adapters/spi/schema/registry.go:201.20,202.38 1 0
github.com/JackMatanky/lithos/internal/adapters/spi/schema/registry.go:203.10,203.10 0 1
github.com/JackMatanky/lithos/internal/adapters/spi/schema/registry.go:206.2,210.13 4 1
github.com/JackMatanky/lithos/internal/adapters/spi/schema/registry.go:210.13,216.3 1 1
github.com/JackMatanky/lithos/internal/adapters/spi/schema/registry.go:218.2,218.22 1 1
github.com/JackMatanky/lithos/internal/adapters/spi/schema/registry.go:231.8,233.9 1 1
github.com/JackMatanky/lithos/internal/adapters/spi/schema/registry.go:234.20,235.15 1 0
github.com/JackMatanky/lithos/internal/adapters/spi/schema/registry.go:236.10,236.10 0 1
github.com/JackMatanky/lithos/internal/adapters/spi/schema/registry.go:239.2,243.15 4 1
github.com/JackMatanky/lithos/internal/adapters/spi/schema/registry.go:257.8,259.9 1 1
github.com/JackMatanky/lithos/internal/adapters/spi/schema/registry.go:260.20,261.15 1 0
github.com/JackMatanky/lithos/internal/adapters/spi/schema/registry.go:262.10,262.10 0 1
github.com/JackMatanky/lithos/internal/adapters/spi/schema/registry.go:265.2,269.15 4 1
github.com/JackMatanky/lithos/internal/adapters/spi/schema/registry.go:275.10,278.33 2 1
github.com/JackMatanky/lithos/internal/adapters/spi/schema/registry.go:278.33,285.3 1 1
github.com/JackMatanky/lithos/internal/adapters/spi/schema/registry.go:286.2,286.34 1 1
github.com/JackMatanky/lithos/internal/adapters/spi/schema/registry.go:286.34,288.3 1 1
github.com/JackMatanky/lithos/internal/adapters/spi/schema/registry.go:290.2,291.33 2 1
github.com/JackMatanky/lithos/internal/adapters/spi/schema/spec_parser.go:18.72,19.19 1 1
github.com/JackMatanky/lithos/internal/adapters/spi/schema/spec_parser.go:19.19,21.3 1 0
github.com/JackMatanky/lithos/internal/adapters/spi/schema/spec_parser.go:22.2,23.51 2 1
github.com/JackMatanky/lithos/internal/adapters/spi/schema/spec_parser.go:23.51,25.3 1 0
github.com/JackMatanky/lithos/internal/adapters/spi/schema/spec_parser.go:26.2,26.19 1 1
github.com/JackMatanky/lithos/internal/adapters/spi/schema/spec_parser.go:29.72,30.19 1 1
github.com/JackMatanky/lithos/internal/adapters/spi/schema/spec_parser.go:30.19,32.3 1 0
github.com/JackMatanky/lithos/internal/adapters/spi/schema/spec_parser.go:33.2,34.51 2 1
github.com/JackMatanky/lithos/internal/adapters/spi/schema/spec_parser.go:34.51,36.3 1 0
github.com/JackMatanky/lithos/internal/adapters/spi/schema/spec_parser.go:37.2,37.18 1 1
github.com/JackMatanky/lithos/internal/adapters/spi/schema/spec_parser.go:40.66,42.2 1 0
github.com/JackMatanky/lithos/internal/adapters/spi/schema/spec_parser.go:44.70,45.19 1 1
github.com/JackMatanky/lithos/internal/adapters/spi/schema/spec_parser.go:45.19,47.3 1 0
github.com/JackMatanky/lithos/internal/adapters/spi/schema/spec_parser.go:48.2,49.51 2 1
github.com/JackMatanky/lithos/internal/adapters/spi/schema/spec_parser.go:49.51,51.3 1 0
github.com/JackMatanky/lithos/internal/adapters/spi/schema/spec_parser.go:52.2,52.18 1 1
github.com/JackMatanky/lithos/internal/adapters/spi/schema/spec_parser.go:55.70,56.19 1 0
github.com/JackMatanky/lithos/internal/adapters/spi/schema/spec_parser.go:56.19,58.3 1 0
github.com/JackMatanky/lithos/internal/adapters/spi/schema/spec_parser.go:59.2,60.51 2 0
github.com/JackMatanky/lithos/internal/adapters/spi/schema/spec_parser.go:60.51,62.3 1 0
github.com/JackMatanky/lithos/internal/adapters/spi/schema/spec_parser.go:63.2,63.19 1 0
github.com/JackMatanky/lithos/internal/adapters/spi/schema/validator.go:37.44,39.2 1 1
github.com/JackMatanky/lithos/internal/adapters/spi/schema/validator.go:60.9,62.9 1 1
github.com/JackMatanky/lithos/internal/adapters/spi/schema/validator.go:63.20,64.19 1 0
github.com/JackMatanky/lithos/internal/adapters/spi/schema/validator.go:65.10,65.10 0 1
github.com/JackMatanky/lithos/internal/adapters/spi/schema/validator.go:68.2,79.19 6 1
github.com/JackMatanky/lithos/internal/adapters/spi/schema/validator.go:79.19,81.3 1 1
github.com/JackMatanky/lithos/internal/adapters/spi/schema/validator.go:83.2,83.12 1 1
github.com/JackMatanky/lithos/internal/adapters/spi/schema/validator.go:91.11,94.33 2 1
github.com/JackMatanky/lithos/internal/adapters/spi/schema/validator.go:94.33,96.35 1 1
github.com/JackMatanky/lithos/internal/adapters/spi/schema/validator.go:96.35,98.4 1 0
github.com/JackMatanky/lithos/internal/adapters/spi/schema/validator.go:100.3,100.46 1 1
github.com/JackMatanky/lithos/internal/adapters/spi/schema/validator.go:100.46,102.4 1 1
github.com/JackMatanky/lithos/internal/adapters/spi/schema/validator.go:105.2,105.13 1 1
github.com/JackMatanky/lithos/internal/adapters/spi/schema/validator.go:113.11,115.34 1 1
github.com/JackMatanky/lithos/internal/adapters/spi/schema/validator.go:115.34,117.3 1 0
github.com/JackMatanky/lithos/internal/adapters/spi/schema/validator.go:119.2,134.13 7 1
github.com/JackMatanky/lithos/internal/adapters/spi/schema/validator.go:140.28,142.33 2 1
github.com/JackMatanky/lithos/internal/adapters/spi/schema/validator.go:142.33,144.3 1 1
github.com/JackMatanky/lithos/internal/adapters/spi/schema/validator.go:145.2,145.18 1 1
github.com/JackMatanky/lithos/internal/adapters/spi/schema/validator.go:153.11,156.33 2 1
github.com/JackMatanky/lithos/internal/adapters/spi/schema/validator.go:156.33,157.27 1 1
github.com/JackMatanky/lithos/internal/adapters/spi/schema/validator.go:157.27,158.55 1 1
github.com/JackMatanky/lithos/internal/adapters/spi/schema/validator.go:158.55,163.5 1 1
github.com/JackMatanky/lithos/internal/adapters/spi/schema/validator.go:167.2,167.13 1 1
github.com/JackMatanky/lithos/internal/adapters/spi/schema/validator.go:174.11,178.33 3 1
github.com/JackMatanky/lithos/internal/adapters/spi/schema/validator.go:178.33,179.24 1 1
github.com/JackMatanky/lithos/internal/adapters/spi/schema/validator.go:179.24,183.4 1 1
github.com/JackMatanky/lithos/internal/adapters/spi/schema/validator.go:184.3,184.27 1 1
github.com/JackMatanky/lithos/internal/adapters/spi/schema/validator.go:187.2,187.13 1 1
github.com/JackMatanky/lithos/internal/adapters/spi/vault/markdown.go:65.77,78.2 1 1
github.com/JackMatanky/lithos/internal/adapters/spi/vault/markdown.go:111.27,113.9 1 1
github.com/JackMatanky/lithos/internal/adapters/spi/vault/markdown.go:114.20,115.24 1 1
github.com/JackMatanky/lithos/internal/adapters/spi/vault/markdown.go:116.10,116.10 0 1
github.com/JackMatanky/lithos/internal/adapters/spi/vault/markdown.go:120.2,126.16 3 1
github.com/JackMatanky/lithos/internal/adapters/spi/vault/markdown.go:126.16,132.3 2 1
github.com/JackMatanky/lithos/internal/adapters/spi/vault/markdown.go:135.2,139.20 2 1
github.com/JackMatanky/lithos/internal/adapters/spi/vault/markdown.go:150.24,153.16 2 0
github.com/JackMatanky/lithos/internal/adapters/spi/vault/markdown.go:153.16,155.3 1 0
github.com/JackMatanky/lithos/internal/adapters/spi/vault/markdown.go:158.2,169.16 7 0
github.com/JackMatanky/lithos/internal/adapters/spi/vault/markdown.go:169.16,171.3 1 0
github.com/JackMatanky/lithos/internal/adapters/spi/vault/markdown.go:173.2,173.18 1 0
github.com/JackMatanky/lithos/internal/adapters/spi/vault/markdown.go:194.27,200.9 2 1
github.com/JackMatanky/lithos/internal/adapters/spi/vault/markdown.go:201.20,202.24 1 0
github.com/JackMatanky/lithos/internal/adapters/spi/vault/markdown.go:203.10,203.10 0 1
github.com/JackMatanky/lithos/internal/adapters/spi/vault/markdown.go:208.2,216.23 4 1
github.com/JackMatanky/lithos/internal/adapters/spi/vault/markdown.go:216.23,218.3 1 0
github.com/JackMatanky/lithos/internal/adapters/spi/vault/markdown.go:221.2,222.19 2 1
github.com/JackMatanky/lithos/internal/adapters/spi/vault/markdown.go:222.19,225.3 1 1
github.com/JackMatanky/lithos/internal/adapters/spi/vault/markdown.go:228.2,229.47 2 1
github.com/JackMatanky/lithos/internal/adapters/spi/vault/markdown.go:229.47,231.3 1 1
github.com/JackMatanky/lithos/internal/adapters/spi/vault/markdown.go:233.2,233.20 1 1
github.com/JackMatanky/lithos/internal/adapters/spi/vault/reader.go:52.23,60.2 1 1
github.com/JackMatanky/lithos/internal/adapters/spi/vault/reader.go:69.28,74.53 2 1
github.com/JackMatanky/lithos/internal/adapters/spi/vault/reader.go:74.53,75.19 1 1
github.com/JackMatanky/lithos/internal/adapters/spi/vault/reader.go:75.19,77.4 1 1
github.com/JackMatanky/lithos/internal/adapters/spi/vault/reader.go:78.3,78.31 1 1
github.com/JackMatanky/lithos/internal/adapters/spi/vault/reader.go:78.31,80.4 1 0
github.com/JackMatanky/lithos/internal/adapters/spi/vault/reader.go:81.3,81.32 1 1
github.com/JackMatanky/lithos/internal/adapters/spi/vault/reader.go:84.2,85.16 2 1
github.com/JackMatanky/lithos/internal/adapters/spi/vault/reader.go:85.16,87.3 1 0
github.com/JackMatanky/lithos/internal/adapters/spi/vault/reader.go:89.2,95.19 3 1
github.com/JackMatanky/lithos/internal/adapters/spi/vault/reader.go:105.28,109.53 2 1
github.com/JackMatanky/lithos/internal/adapters/spi/vault/reader.go:109.53,110.19 1 1
github.com/JackMatanky/lithos/internal/adapters/spi/vault/reader.go:110.19,112.4 1 1
github.com/JackMatanky/lithos/internal/adapters/spi/vault/reader.go:113.3,113.31 1 1
github.com/JackMatanky/lithos/internal/adapters/spi/vault/reader.go:113.31,115.4 1 0
github.com/JackMatanky/lithos/internal/adapters/spi/vault/reader.go:116.3,116.30 1 1
github.com/JackMatanky/lithos/internal/adapters/spi/vault/reader.go:116.30,118.4 1 1
github.com/JackMatanky/lithos/internal/adapters/spi/vault/reader.go:119.3,119.38 1 1
github.com/JackMatanky/lithos/internal/adapters/spi/vault/reader.go:122.2,123.16 2 1
github.com/JackMatanky/lithos/internal/adapters/spi/vault/reader.go:123.16,125.3 1 0
github.com/JackMatanky/lithos/internal/adapters/spi/vault/reader.go:127.2,134.19 3 1
github.com/JackMatanky/lithos/internal/adapters/spi/vault/reader.go:143.26,145.22 1 1
github.com/JackMatanky/lithos/internal/adapters/spi/vault/reader.go:145.22,147.3 1 0
github.com/JackMatanky/lithos/internal/adapters/spi/vault/reader.go:150.2,150.52 1 1
github.com/JackMatanky/lithos/internal/adapters/spi/vault/reader.go:150.52,152.3 1 1
github.com/JackMatanky/lithos/internal/adapters/spi/vault/reader.go:155.2,155.37 1 1
github.com/JackMatanky/lithos/internal/adapters/spi/vault/reader.go:162.26,165.16 2 1
github.com/JackMatanky/lithos/internal/adapters/spi/vault/reader.go:165.16,166.25 1 1
github.com/JackMatanky/lithos/internal/adapters/spi/vault/reader.go:166.25,168.4 1 1
github.com/JackMatanky/lithos/internal/adapters/spi/vault/reader.go:169.3,169.62 1 0
github.com/JackMatanky/lithos/internal/adapters/spi/vault/reader.go:173.2,176.16 2 1
github.com/JackMatanky/lithos/internal/adapters/spi/vault/reader.go:176.16,178.3 1 1
github.com/JackMatanky/lithos/internal/adapters/spi/vault/reader.go:181.2,182.16 2 1
github.com/JackMatanky/lithos/internal/adapters/spi/vault/reader.go:182.16,187.3 1 0
github.com/JackMatanky/lithos/internal/adapters/spi/vault/reader.go:188.2,188.23 1 1
github.com/JackMatanky/lithos/internal/adapters/spi/vault/reader.go:197.28,202.56 2 1
github.com/JackMatanky/lithos/internal/adapters/spi/vault/reader.go:202.56,204.24 1 1
github.com/JackMatanky/lithos/internal/adapters/spi/vault/reader.go:204.24,206.5 1 0
github.com/JackMatanky/lithos/internal/adapters/spi/vault/reader.go:209.4,209.18 1 1
github.com/JackMatanky/lithos/internal/adapters/spi/vault/reader.go:209.18,212.5 2 0
github.com/JackMatanky/lithos/internal/adapters/spi/vault/reader.go:215.4,215.27 1 1
github.com/JackMatanky/lithos/internal/adapters/spi/vault/reader.go:215.27,217.49 1 1
github.com/JackMatanky/lithos/internal/adapters/spi/vault/reader.go:217.49,219.6 1 1
github.com/JackMatanky/lithos/internal/adapters/spi/vault/reader.go:220.5,220.15 1 1
github.com/JackMatanky/lithos/internal/adapters/spi/vault/reader.go:224.4,224.38 1 1
github.com/JackMatanky/lithos/internal/adapters/spi/vault/reader.go:224.38,231.5 2 0
github.com/JackMatanky/lithos/internal/adapters/spi/vault/reader.go:234.4,237.18 2 1
github.com/JackMatanky/lithos/internal/adapters/spi/vault/reader.go:237.18,243.5 2 1
github.com/JackMatanky/lithos/internal/adapters/spi/vault/reader.go:246.4,247.18 2 1
github.com/JackMatanky/lithos/internal/adapters/spi/vault/reader.go:247.18,253.5 2 0
github.com/JackMatanky/lithos/internal/adapters/spi/vault/reader.go:254.4,256.14 2 1
github.com/JackMatanky/lithos/internal/adapters/spi/vault/reader.go:260.2,260.16 1 1
github.com/JackMatanky/lithos/internal/adapters/spi/vault/reader.go:260.16,262.3 1 0
github.com/JackMatanky/lithos/internal/adapters/spi/vault/reader.go:264.2,264.19 1 1
github.com/JackMatanky/lithos/internal/adapters/spi/vault/reader.go:268.79,270.2 1 1
github.com/JackMatanky/lithos/internal/adapters/spi/vault/reader.go:274.62,276.2 1 1
github.com/JackMatanky/lithos/internal/adapters/spi/vault/reader.go:283.75,285.16 2 1
github.com/JackMatanky/lithos/internal/adapters/spi/vault/reader.go:285.16,287.3 1 0
github.com/JackMatanky/lithos/internal/adapters/spi/vault/reader.go:288.2,289.16 2 1
github.com/JackMatanky/lithos/internal/adapters/spi/vault/reader.go:289.16,291.3 1 0
github.com/JackMatanky/lithos/internal/adapters/spi/vault/reader.go:293.2,294.16 2 1
github.com/JackMatanky/lithos/internal/adapters/spi/vault/reader.go:294.16,296.3 1 0
github.com/JackMatanky/lithos/internal/adapters/spi/vault/reader.go:298.2,298.34 1 1
github.com/JackMatanky/lithos/internal/adapters/spi/vault/reader.go:298.34,300.3 1 1
github.com/JackMatanky/lithos/internal/adapters/spi/vault/reader.go:301.2,301.12 1 1
github.com/JackMatanky/lithos/internal/adapters/spi/vault/reader.go:307.65,310.16 2 1
github.com/JackMatanky/lithos/internal/adapters/spi/vault/reader.go:310.16,314.3 1 0
github.com/JackMatanky/lithos/internal/adapters/spi/vault/reader.go:317.2,318.29 2 1
github.com/JackMatanky/lithos/internal/adapters/spi/vault/reader.go:318.29,319.24 1 1
github.com/JackMatanky/lithos/internal/adapters/spi/vault/reader.go:319.24,321.4 1 1
github.com/JackMatanky/lithos/internal/adapters/spi/vault/reader.go:323.2,323.14 1 1
github.com/JackMatanky/lithos/internal/adapters/spi/vault/reader.go:328.63,331.2 2 1
github.com/JackMatanky/lithos/internal/adapters/spi/vault/writer.go:54.23,62.2 1 1
github.com/JackMatanky/lithos/internal/adapters/spi/vault/writer.go:66.54,69.16 2 1
github.com/JackMatanky/lithos/internal/adapters/spi/vault/writer.go:69.16,71.3 1 0
github.com/JackMatanky/lithos/internal/adapters/spi/vault/writer.go:74.2,75.23 2 1
github.com/JackMatanky/lithos/internal/adapters/spi/vault/writer.go:75.23,78.3 2 1
github.com/JackMatanky/lithos/internal/adapters/spi/vault/writer.go:81.2,81.52 1 1
github.com/JackMatanky/lithos/internal/adapters/spi/vault/writer.go:81.52,82.62 1 1
github.com/JackMatanky/lithos/internal/adapters/spi/vault/writer.go:82.62,84.4 1 1
github.com/JackMatanky/lithos/internal/adapters/spi/vault/writer.go:87.2,87.21 1 1
github.com/JackMatanky/lithos/internal/adapters/spi/vault/writer.go:98.9,103.75 2 1
github.com/JackMatanky/lithos/internal/adapters/spi/vault/writer.go:103.75,113.3 2 0
github.com/JackMatanky/lithos/internal/adapters/spi/vault/writer.go:116.2,117.16 2 1
github.com/JackMatanky/lithos/internal/adapters/spi/vault/writer.go:117.16,127.3 2 0
github.com/JackMatanky/lithos/internal/adapters/spi/vault/writer.go:130.2,130.82 1 1
github.com/JackMatanky/lithos/internal/adapters/spi/vault/writer.go:130.82,142.3 2 0
github.com/JackMatanky/lithos/internal/adapters/spi/vault/writer.go:144.2,149.12 2 1
github.com/JackMatanky/lithos/internal/adapters/spi/vault/writer.go:155.77,160.66 2 1
github.com/JackMatanky/lithos/internal/adapters/spi/vault/writer.go:160.66,166.3 2 0
github.com/JackMatanky/lithos/internal/adapters/spi/vault/writer.go:168.2,172.12 2 1
github.com/JackMatanky/lithos/internal/adapters/spi/vault/writer.go:182.9,185.75 2 0
github.com/JackMatanky/lithos/internal/adapters/spi/vault/writer.go:185.75,195.3 2 0
github.com/JackMatanky/lithos/internal/adapters/spi/vault/writer.go:197.2,197.72 1 0
github.com/JackMatanky/lithos/internal/adapters/spi/vault/writer.go:197.72,207.3 2 0
github.com/JackMatanky/lithos/internal/adapters/spi/vault/writer.go:209.2,213.12 2 0
github.com/JackMatanky/lithos/internal/app/command/orchestrator.go:86.16,96.2 1 1
github.com/JackMatanky/lithos/internal/app/command/orchestrator.go:114.54,118.2 1 1
github.com/JackMatanky/lithos/internal/app/command/orchestrator.go:137.24,144.16 3 1
github.com/JackMatanky/lithos/internal/app/command/orchestrator.go:144.16,150.3 2 1
github.com/JackMatanky/lithos/internal/app/command/orchestrator.go:151.2,160.26 4 1
github.com/JackMatanky/lithos/internal/app/command/orchestrator.go:160.26,161.98 1 1
github.com/JackMatanky/lithos/internal/app/command/orchestrator.go:161.98,170.4 2 1
github.com/JackMatanky/lithos/internal/app/command/orchestrator.go:171.8,175.16 1 0
github.com/JackMatanky/lithos/internal/app/command/orchestrator.go:175.16,184.3 2 0
github.com/JackMatanky/lithos/internal/app/command/orchestrator.go:185.2,191.18 3 1
github.com/JackMatanky/lithos/internal/app/command/orchestrator.go:221.29,224.27 2 1
github.com/JackMatanky/lithos/internal/app/command/orchestrator.go:224.27,228.3 1 0
github.com/JackMatanky/lithos/internal/app/command/orchestrator.go:230.2,231.16 2 1
github.com/JackMatanky/lithos/internal/app/command/orchestrator.go:231.16,234.3 2 1
github.com/JackMatanky/lithos/internal/app/command/orchestrator.go:236.2,244.19 2 1
github.com/JackMatanky/lithos/internal/app/command/orchestrator.go:249.43,267.2 8 1
github.com/JackMatanky/lithos/internal/app/command/orchestrator.go:272.3,273.23 1 1
github.com/JackMatanky/lithos/internal/app/command/orchestrator.go:273.23,275.3 1 1
github.com/JackMatanky/lithos/internal/app/command/orchestrator.go:276.2,277.16 2 0
github.com/JackMatanky/lithos/internal/app/command/orchestrator.go:277.16,283.3 2 0
github.com/JackMatanky/lithos/internal/app/command/orchestrator.go:284.2,284.69 1 0
github.com/JackMatanky/lithos/internal/app/command/orchestrator.go:284.69,289.3 1 0
github.com/JackMatanky/lithos/internal/app/events/bus.go:66.40,67.37 1 0
github.com/JackMatanky/lithos/internal/app/events/bus.go:67.37,68.16 1 0
github.com/JackMatanky/lithos/internal/app/events/bus.go:68.16,70.4 1 0
github.com/JackMatanky/lithos/internal/app/events/bus.go:75.38,76.37 1 0
github.com/JackMatanky/lithos/internal/app/events/bus.go:76.37,77.15 1 0
github.com/JackMatanky/lithos/internal/app/events/bus.go:77.15,79.4 1 0
github.com/JackMatanky/lithos/internal/app/events/bus.go:83.79,85.2 1 1
github.com/JackMatanky/lithos/internal/app/events/bus.go:87.43,90.2 2 1
github.com/JackMatanky/lithos/internal/app/events/bus.go:93.70,105.27 2 1
github.com/JackMatanky/lithos/internal/app/events/bus.go:105.27,107.3 1 0
github.com/JackMatanky/lithos/internal/app/events/bus.go:108.2,110.12 3 1
github.com/JackMatanky/lithos/internal/app/events/bus.go:117.9,118.18 1 1
github.com/JackMatanky/lithos/internal/app/events/bus.go:118.18,120.3 1 0
github.com/JackMatanky/lithos/internal/app/events/bus.go:121.2,121.21 1 1
github.com/JackMatanky/lithos/internal/app/events/bus.go:121.21,123.3 1 0
github.com/JackMatanky/lithos/internal/app/events/bus.go:124.2,124.29 1 1
github.com/JackMatanky/lithos/internal/app/events/bus.go:124.29,126.3 1 0
github.com/JackMatanky/lithos/internal/app/events/bus.go:127.2,129.9 2 1
github.com/JackMatanky/lithos/internal/app/events/bus.go:130.20,131.19 1 0
github.com/JackMatanky/lithos/internal/app/events/bus.go:132.28,132.28 0 1
github.com/JackMatanky/lithos/internal/app/events/bus.go:135.2,135.9 1 1
github.com/JackMatanky/lithos/internal/app/events/bus.go:136.20,137.19 1 0
github.com/JackMatanky/lithos/internal/app/events/bus.go:138.32,139.13 1 1
github.com/JackMatanky/lithos/internal/app/events/bus.go:147.9,148.21 1 1
github.com/JackMatanky/lithos/internal/app/events/bus.go:148.21,150.3 1 1
github.com/JackMatanky/lithos/internal/app/events/bus.go:151.2,151.20 1 1
github.com/JackMatanky/lithos/internal/app/events/bus.go:151.20,153.3 1 1
github.com/JackMatanky/lithos/internal/app/events/bus.go:154.2,158.12 5 1
github.com/JackMatanky/lithos/internal/app/events/bus.go:165.9,166.21 1 1
github.com/JackMatanky/lithos/internal/app/events/bus.go:166.21,168.3 1 0
github.com/JackMatanky/lithos/internal/app/events/bus.go:169.2,169.20 1 1
github.com/JackMatanky/lithos/internal/app/events/bus.go:169.20,171.3 1 0
github.com/JackMatanky/lithos/internal/app/events/bus.go:172.2,176.25 5 1
github.com/JackMatanky/lithos/internal/app/events/bus.go:176.25,177.28 1 1
github.com/JackMatanky/lithos/internal/app/events/bus.go:177.28,179.9 2 1
github.com/JackMatanky/lithos/internal/app/events/bus.go:182.2,182.23 1 1
github.com/JackMatanky/lithos/internal/app/events/bus.go:182.23,184.3 1 1
github.com/JackMatanky/lithos/internal/app/events/bus.go:184.8,186.3 1 0
github.com/JackMatanky/lithos/internal/app/events/bus.go:187.2,187.12 1 1
github.com/JackMatanky/lithos/internal/app/events/bus.go:191.64,193.27 2 1
github.com/JackMatanky/lithos/internal/app/events/bus.go:193.27,196.3 2 1
github.com/JackMatanky/lithos/internal/app/events/bus.go:198.2,199.12 2 1
github.com/JackMatanky/lithos/internal/app/events/bus.go:199.12,202.3 2 1
github.com/JackMatanky/lithos/internal/app/events/bus.go:204.2,204.9 1 1
github.com/JackMatanky/lithos/internal/app/events/bus.go:205.20,206.18 1 0
github.com/JackMatanky/lithos/internal/app/events/bus.go:207.12,208.12 1 1
github.com/JackMatanky/lithos/internal/app/events/bus.go:211.2,211.12 1 1
github.com/JackMatanky/lithos/internal/app/events/bus.go:214.43,215.26 1 1
github.com/JackMatanky/lithos/internal/app/events/bus.go:215.26,217.13 2 1
github.com/JackMatanky/lithos/internal/app/events/bus.go:217.13,219.35 2 1
github.com/JackMatanky/lithos/internal/app/events/bus.go:219.35,221.5 1 1
github.com/JackMatanky/lithos/internal/app/events/bus.go:226.61,228.24 2 1
github.com/JackMatanky/lithos/internal/app/events/bus.go:228.24,231.3 2 1
github.com/JackMatanky/lithos/internal/app/events/bus.go:233.2,235.35 3 1
github.com/JackMatanky/lithos/internal/app/events/bus.go:235.35,238.13 3 1
github.com/JackMatanky/lithos/internal/app/events/bus.go:238.13,240.58 2 1
github.com/JackMatanky/lithos/internal/app/events/bus.go:240.58,242.5 1 1
github.com/JackMatanky/lithos/internal/app/events/bus.go:246.2,250.25 4 1
github.com/JackMatanky/lithos/internal/app/events/bus.go:250.25,252.3 1 1
github.com/JackMatanky/lithos/internal/app/events/bus.go:254.2,254.21 1 1
github.com/JackMatanky/lithos/internal/app/events/bus.go:254.21,259.3 1 1
github.com/JackMatanky/lithos/internal/app/events/bus.go:262.2,262.23 1 1
github.com/JackMatanky/lithos/internal/app/events/bus.go:265.78,269.23 4 1
github.com/JackMatanky/lithos/internal/app/events/bus.go:269.23,271.3 1 1
github.com/JackMatanky/lithos/internal/app/events/bus.go:272.2,273.33 2 1
github.com/JackMatanky/lithos/internal/app/events/bus.go:273.33,275.3 1 1
github.com/JackMatanky/lithos/internal/app/events/bus.go:276.2,276.17 1 1
github.com/JackMatanky/lithos/internal/app/events/bus.go:279.47,281.2 1 1
github.com/JackMatanky/lithos/internal/app/frontmatter/service.go:55.23,65.2 1 1
github.com/JackMatanky/lithos/internal/app/frontmatter/service.go:98.9,102.9 2 1
github.com/JackMatanky/lithos/internal/app/frontmatter/service.go:103.20,104.19 1 0
github.com/JackMatanky/lithos/internal/app/frontmatter/service.go:105.10,105.10 0 1
github.com/JackMatanky/lithos/internal/app/frontmatter/service.go:109.2,109.26 1 1
github.com/JackMatanky/lithos/internal/app/frontmatter/service.go:109.26,110.70 1 1
github.com/JackMatanky/lithos/internal/app/frontmatter/service.go:110.70,112.4 1 1
github.com/JackMatanky/lithos/internal/app/frontmatter/service.go:115.2,117.22 3 1
github.com/JackMatanky/lithos/internal/app/frontmatter/service.go:133.26,134.27 1 1
github.com/JackMatanky/lithos/internal/app/frontmatter/service.go:134.27,136.3 1 1
github.com/JackMatanky/lithos/internal/app/frontmatter/service.go:138.2,138.66 1 1
github.com/JackMatanky/lithos/internal/app/frontmatter/service.go:147.9,150.42 2 1
github.com/JackMatanky/lithos/internal/app/frontmatter/service.go:150.42,151.24 1 1
github.com/JackMatanky/lithos/internal/app/frontmatter/service.go:151.24,152.30 1 1
github.com/JackMatanky/lithos/internal/app/frontmatter/service.go:152.30,161.5 1 1
github.com/JackMatanky/lithos/internal/app/frontmatter/service.go:165.2,165.31 1 1
github.com/JackMatanky/lithos/internal/app/frontmatter/service.go:165.31,167.3 1 1
github.com/JackMatanky/lithos/internal/app/frontmatter/service.go:168.2,168.12 1 1
github.com/JackMatanky/lithos/internal/app/frontmatter/service.go:177.9,180.42 2 1
github.com/JackMatanky/lithos/internal/app/frontmatter/service.go:180.42,182.14 2 1
github.com/JackMatanky/lithos/internal/app/frontmatter/service.go:182.14,183.12 1 1
github.com/JackMatanky/lithos/internal/app/frontmatter/service.go:186.3,193.23 2 1
github.com/JackMatanky/lithos/internal/app/frontmatter/service.go:193.23,194.12 1 0
github.com/JackMatanky/lithos/internal/app/frontmatter/service.go:197.3,197.77 1 1
github.com/JackMatanky/lithos/internal/app/frontmatter/service.go:197.77,199.4 1 1
github.com/JackMatanky/lithos/internal/app/frontmatter/service.go:202.2,202.31 1 1
github.com/JackMatanky/lithos/internal/app/frontmatter/service.go:202.31,204.3 1 1
github.com/JackMatanky/lithos/internal/app/frontmatter/service.go:205.2,205.12 1 1
github.com/JackMatanky/lithos/internal/app/frontmatter/service.go:212.18,213.18 1 1
github.com/JackMatanky/lithos/internal/app/frontmatter/service.go:214.33,215.19 1 1
github.com/JackMatanky/lithos/internal/app/frontmatter/service.go:216.33,217.19 1 1
github.com/JackMatanky/lithos/internal/app/frontmatter/service.go:218.31,219.17 1 0
github.com/JackMatanky/lithos/internal/app/frontmatter/service.go:220.31,221.17 1 1
github.com/JackMatanky/lithos/internal/app/frontmatter/service.go:222.10,223.13 1 0
github.com/JackMatanky/lithos/internal/app/frontmatter/service.go:232.9,233.20 1 1
github.com/JackMatanky/lithos/internal/app/frontmatter/service.go:233.20,240.3 1 0
github.com/JackMatanky/lithos/internal/app/frontmatter/service.go:241.2,246.3 1 1
github.com/JackMatanky/lithos/internal/app/frontmatter/service.go:255.9,257.9 2 0
github.com/JackMatanky/lithos/internal/app/frontmatter/service.go:257.9,263.3 1 0
github.com/JackMatanky/lithos/internal/app/frontmatter/service.go:265.2,266.38 2 0
github.com/JackMatanky/lithos/internal/app/frontmatter/service.go:266.38,267.70 1 0
github.com/JackMatanky/lithos/internal/app/frontmatter/service.go:267.70,269.4 1 0
github.com/JackMatanky/lithos/internal/app/frontmatter/service.go:272.2,272.31 1 0
github.com/JackMatanky/lithos/internal/app/frontmatter/service.go:272.31,274.3 1 0
github.com/JackMatanky/lithos/internal/app/frontmatter/service.go:275.2,275.12 1 0
github.com/JackMatanky/lithos/internal/app/frontmatter/service.go:284.9,285.25 1 1
github.com/JackMatanky/lithos/internal/app/frontmatter/service.go:285.25,291.3 1 1
github.com/JackMatanky/lithos/internal/app/frontmatter/service.go:292.2,292.51 1 1
github.com/JackMatanky/lithos/internal/app/frontmatter/service.go:308.9,313.22 3 1
github.com/JackMatanky/lithos/internal/app/frontmatter/service.go:313.22,315.3 1 1
github.com/JackMatanky/lithos/internal/app/frontmatter/service.go:318.2,318.64 1 1
github.com/JackMatanky/lithos/internal/app/frontmatter/service.go:318.64,320.3 1 1
github.com/JackMatanky/lithos/internal/app/frontmatter/service.go:323.2,323.62 1 1
github.com/JackMatanky/lithos/internal/app/frontmatter/service.go:323.62,325.3 1 1
github.com/JackMatanky/lithos/internal/app/frontmatter/service.go:328.2,328.54 1 1
github.com/JackMatanky/lithos/internal/app/frontmatter/service.go:336.9,337.32 1 1
github.com/JackMatanky/lithos/internal/app/frontmatter/service.go:337.32,339.3 1 1
github.com/JackMatanky/lithos/internal/app/frontmatter/service.go:340.2,340.41 1 1
github.com/JackMatanky/lithos/internal/app/frontmatter/service.go:348.3,349.23 1 1
github.com/JackMatanky/lithos/internal/app/frontmatter/service.go:349.23,351.3 1 1
github.com/JackMatanky/lithos/internal/app/frontmatter/service.go:352.2,353.37 2 0
github.com/JackMatanky/lithos/internal/app/frontmatter/service.go:353.37,355.3 1 0
github.com/JackMatanky/lithos/internal/app/frontmatter/service.go:356.2,376.16 4 0
github.com/JackMatanky/lithos/internal/app/frontmatter/service.go:376.16,381.3 2 0
github.com/JackMatanky/lithos/internal/app/frontmatter/service.go:382.2,382.69 1 0
github.com/JackMatanky/lithos/internal/app/frontmatter/service.go:382.69,386.3 1 0
github.com/JackMatanky/lithos/internal/app/frontmatter/service.go:389.54,390.27 1 0
github.com/JackMatanky/lithos/internal/app/frontmatter/service.go:391.13,392.17 1 0
github.com/JackMatanky/lithos/internal/app/frontmatter/service.go:393.16,395.26 2 0
github.com/JackMatanky/lithos/internal/app/frontmatter/service.go:395.26,397.4 1 0
github.com/JackMatanky/lithos/internal/app/frontmatter/service.go:398.3,398.22 1 0
github.com/JackMatanky/lithos/internal/app/frontmatter/service.go:399.10,400.20 1 0
github.com/JackMatanky/lithos/internal/app/frontmatter/service.go:404.35,405.22 1 1
github.com/JackMatanky/lithos/internal/app/frontmatter/service.go:406.23,407.14 1 1
github.com/JackMatanky/lithos/internal/app/frontmatter/service.go:408.10,409.15 1 1
github.com/JackMatanky/lithos/internal/app/frontmatter/service.go:413.40,414.16 1 0
github.com/JackMatanky/lithos/internal/app/frontmatter/service.go:414.16,416.3 1 0
github.com/JackMatanky/lithos/internal/app/frontmatter/service.go:417.2,418.34 2 0
github.com/JackMatanky/lithos/internal/app/frontmatter/service.go:418.34,420.36 2 0
github.com/JackMatanky/lithos/internal/app/frontmatter/service.go:420.36,422.4 1 0
github.com/JackMatanky/lithos/internal/app/frontmatter/service.go:423.3,423.16 1 0
github.com/JackMatanky/lithos/internal/app/frontmatter/service.go:425.2,425.30 1 0
github.com/JackMatanky/lithos/internal/app/frontmatter/validator.go:61.9,65.9 2 1
github.com/JackMatanky/lithos/internal/app/frontmatter/validator.go:65.9,71.3 1 0
github.com/JackMatanky/lithos/internal/app/frontmatter/validator.go:73.2,74.9 2 1
github.com/JackMatanky/lithos/internal/app/frontmatter/validator.go:74.9,80.3 1 1
github.com/JackMatanky/lithos/internal/app/frontmatter/validator.go:83.2,83.30 1 1
github.com/JackMatanky/lithos/internal/app/frontmatter/validator.go:83.30,84.52 1 1
github.com/JackMatanky/lithos/internal/app/frontmatter/validator.go:84.52,86.4 1 1
github.com/JackMatanky/lithos/internal/app/frontmatter/validator.go:87.3,91.4 1 1
github.com/JackMatanky/lithos/internal/app/frontmatter/validator.go:95.2,95.30 1 1
github.com/JackMatanky/lithos/internal/app/frontmatter/validator.go:95.30,98.67 1 0
github.com/JackMatanky/lithos/internal/app/frontmatter/validator.go:98.67,104.4 1 0
github.com/JackMatanky/lithos/internal/app/frontmatter/validator.go:106.3,106.36 1 0
github.com/JackMatanky/lithos/internal/app/frontmatter/validator.go:106.36,108.4 1 0
github.com/JackMatanky/lithos/internal/app/frontmatter/validator.go:110.3,114.4 1 0
github.com/JackMatanky/lithos/internal/app/frontmatter/validator.go:117.2,117.12 1 1
github.com/JackMatanky/lithos/internal/app/frontmatter/validator.go:126.9,129.16 2 1
github.com/JackMatanky/lithos/internal/app/frontmatter/validator.go:129.16,135.3 1 1
github.com/JackMatanky/lithos/internal/app/frontmatter/validator.go:138.2,139.9 2 1
github.com/JackMatanky/lithos/internal/app/frontmatter/validator.go:139.9,140.62 1 1
github.com/JackMatanky/lithos/internal/app/frontmatter/validator.go:140.62,142.4 1 0
github.com/JackMatanky/lithos/internal/app/frontmatter/validator.go:142.9,148.4 1 1
github.com/JackMatanky/lithos/internal/app/frontmatter/validator.go:152.2,152.70 1 1
github.com/JackMatanky/lithos/internal/app/frontmatter/validator.go:161.9,165.9 2 1
github.com/JackMatanky/lithos/internal/app/frontmatter/validator.go:165.9,166.60 1 1
github.com/JackMatanky/lithos/internal/app/frontmatter/validator.go:166.60,168.4 1 0
github.com/JackMatanky/lithos/internal/app/frontmatter/validator.go:168.9,174.4 1 1
github.com/JackMatanky/lithos/internal/app/frontmatter/validator.go:177.2,178.18 2 1
github.com/JackMatanky/lithos/internal/app/frontmatter/validator.go:178.18,180.3 1 1
github.com/JackMatanky/lithos/internal/app/frontmatter/validator.go:182.2,183.27 2 1
github.com/JackMatanky/lithos/internal/app/frontmatter/validator.go:184.14,185.16 1 1
github.com/JackMatanky/lithos/internal/app/frontmatter/validator.go:186.17,187.31 1 0
github.com/JackMatanky/lithos/internal/app/frontmatter/validator.go:188.10,193.4 1 1
github.com/JackMatanky/lithos/internal/app/frontmatter/validator.go:197.2,198.16 2 1
github.com/JackMatanky/lithos/internal/app/frontmatter/validator.go:198.16,204.3 1 1
github.com/JackMatanky/lithos/internal/app/frontmatter/validator.go:206.2,206.12 1 1
github.com/JackMatanky/lithos/internal/app/frontmatter/validator.go:215.9,218.9 2 1
github.com/JackMatanky/lithos/internal/app/frontmatter/validator.go:218.9,224.3 1 1
github.com/JackMatanky/lithos/internal/app/frontmatter/validator.go:227.2,227.48 1 1
github.com/JackMatanky/lithos/internal/app/frontmatter/validator.go:227.48,229.3 1 1
github.com/JackMatanky/lithos/internal/app/frontmatter/validator.go:230.2,230.51 1 1
github.com/JackMatanky/lithos/internal/app/frontmatter/validator.go:230.51,232.3 1 0
github.com/JackMatanky/lithos/internal/app/frontmatter/validator.go:234.2,238.3 1 1
github.com/JackMatanky/lithos/internal/app/frontmatter/validator.go:246.20,247.29 1 1
github.com/JackMatanky/lithos/internal/app/frontmatter/validator.go:248.11,249.27 1 1
github.com/JackMatanky/lithos/internal/app/frontmatter/validator.go:250.13,251.27 1 1
github.com/JackMatanky/lithos/internal/app/frontmatter/validator.go:252.15,253.18 1 1
github.com/JackMatanky/lithos/internal/app/frontmatter/validator.go:254.15,255.27 1 1
github.com/JackMatanky/lithos/internal/app/frontmatter/validator.go:256.10,261.4 1 1
github.com/JackMatanky/lithos/internal/app/frontmatter/validator.go:272.9,274.57 1 1
github.com/JackMatanky/lithos/internal/app/frontmatter/validator.go:274.57,280.3 1 0
github.com/JackMatanky/lithos/internal/app/frontmatter/validator.go:283.2,283.57 1 1
github.com/JackMatanky/lithos/internal/app/frontmatter/validator.go:283.57,289.3 1 1
github.com/JackMatanky/lithos/internal/app/frontmatter/validator.go:292.2,292.28 1 1
github.com/JackMatanky/lithos/internal/app/frontmatter/validator.go:292.28,295.28 3 0
github.com/JackMatanky/lithos/internal/app/frontmatter/validator.go:295.28,297.4 1 0
github.com/JackMatanky/lithos/internal/app/frontmatter/validator.go:301.3,304.39 3 0
github.com/JackMatanky/lithos/internal/app/frontmatter/validator.go:304.39,314.4 1 0
github.com/JackMatanky/lithos/internal/app/frontmatter/validator.go:317.2,317.12 1 1
github.com/JackMatanky/lithos/internal/app/frontmatter/validator.go:320.52,321.27 1 1
github.com/JackMatanky/lithos/internal/app/frontmatter/validator.go:322.14,323.17 1 1
github.com/JackMatanky/lithos/internal/app/frontmatter/validator.go:324.20,325.26 1 0
github.com/JackMatanky/lithos/internal/app/frontmatter/validator.go:326.11,327.31 1 1
github.com/JackMatanky/lithos/internal/app/frontmatter/validator.go:328.13,329.40 1 0
github.com/JackMatanky/lithos/internal/app/frontmatter/validator.go:330.15,331.51 1 0
github.com/JackMatanky/lithos/internal/app/frontmatter/validator.go:332.15,333.60 1 0
github.com/JackMatanky/lithos/internal/app/frontmatter/validator.go:334.12,335.37 1 0
github.com/JackMatanky/lithos/internal/app/frontmatter/validator.go:336.10,337.19 1 0
github.com/JackMatanky/lithos/internal/app/query/failure_tracker.go:25.26,33.2 1 1
github.com/JackMatanky/lithos/internal/app/query/failure_tracker.go:36.49,48.2 5 1
github.com/JackMatanky/lithos/internal/app/query/failure_tracker.go:51.49,55.24 3 1
github.com/JackMatanky/lithos/internal/app/query/failure_tracker.go:55.24,57.3 1 1
github.com/JackMatanky/lithos/internal/app/query/failure_tracker.go:61.55,65.2 3 1
github.com/JackMatanky/lithos/internal/app/query/failure_tracker.go:68.64,72.2 3 1
github.com/JackMatanky/lithos/internal/app/query/observer.go:16.66,18.2 1 1
github.com/JackMatanky/lithos/internal/app/query/observer.go:26.3,33.2 1 1
github.com/JackMatanky/lithos/internal/app/query/observer.go:39.3,45.2 1 0
github.com/JackMatanky/lithos/internal/app/query/router.go:43.24,48.2 1 1
github.com/JackMatanky/lithos/internal/app/query/router.go:71.26,73.24 1 1
github.com/JackMatanky/lithos/internal/app/query/router.go:73.24,74.65 1 1
github.com/JackMatanky/lithos/internal/app/query/router.go:74.65,76.4 1 1
github.com/JackMatanky/lithos/internal/app/query/router.go:80.2,80.26 1 1
github.com/JackMatanky/lithos/internal/app/query/router.go:80.26,82.3 1 1
github.com/JackMatanky/lithos/internal/app/query/router.go:85.2,85.17 1 1
github.com/JackMatanky/lithos/internal/app/query/router.go:93.70,95.2 1 1
github.com/JackMatanky/lithos/internal/app/query/router.go:102.68,104.2 1 1
github.com/JackMatanky/lithos/internal/app/query/router.go:107.49,109.2 1 1
github.com/JackMatanky/lithos/internal/app/query/router.go:112.50,114.2 1 1
github.com/JackMatanky/lithos/internal/app/query/service.go:71.74,72.27 1 1
github.com/JackMatanky/lithos/internal/app/query/service.go:73.84,74.28 1 1
github.com/JackMatanky/lithos/internal/app/query/service.go:75.15,76.17 1 1
github.com/JackMatanky/lithos/internal/app/query/service.go:77.20,79.17 1 1
github.com/JackMatanky/lithos/internal/app/query/service.go:80.10,82.20 1 0
github.com/JackMatanky/lithos/internal/app/query/service.go:90.43,91.27 1 1
github.com/JackMatanky/lithos/internal/app/query/service.go:92.11,93.20 1 1
github.com/JackMatanky/lithos/internal/app/query/service.go:94.12,95.20 1 0
github.com/JackMatanky/lithos/internal/app/query/service.go:96.13,97.20 1 0
github.com/JackMatanky/lithos/internal/app/query/service.go:98.13,99.20 1 0
github.com/JackMatanky/lithos/internal/app/query/service.go:100.13,101.20 1 0
github.com/JackMatanky/lithos/internal/app/query/service.go:102.12,103.20 1 0
github.com/JackMatanky/lithos/internal/app/query/service.go:104.13,105.20 1 0
github.com/JackMatanky/lithos/internal/app/query/service.go:106.14,107.20 1 0
github.com/JackMatanky/lithos/internal/app/query/service.go:108.14,109.20 1 0
github.com/JackMatanky/lithos/internal/app/query/service.go:110.14,111.20 1 0
github.com/JackMatanky/lithos/internal/app/query/service.go:112.15,113.20 1 0
github.com/JackMatanky/lithos/internal/app/query/service.go:114.10,115.11 1 0
github.com/JackMatanky/lithos/internal/app/query/service.go:143.17,146.54 2 1
github.com/JackMatanky/lithos/internal/app/query/service.go:146.54,148.3 1 1
github.com/JackMatanky/lithos/internal/app/query/service.go:149.2,149.56 1 1
github.com/JackMatanky/lithos/internal/app/query/service.go:149.56,151.3 1 1
github.com/JackMatanky/lithos/internal/app/query/service.go:153.2,167.16 3 1
github.com/JackMatanky/lithos/internal/app/query/service.go:188.24,190.2 1 0
github.com/JackMatanky/lithos/internal/app/query/service.go:203.24,206.15 3 1
github.com/JackMatanky/lithos/internal/app/query/service.go:206.15,208.3 1 1
github.com/JackMatanky/lithos/internal/app/query/service.go:211.2,211.25 1 1
github.com/JackMatanky/lithos/internal/app/query/service.go:211.25,213.3 1 1
github.com/JackMatanky/lithos/internal/app/query/service.go:215.2,215.27 1 0
github.com/JackMatanky/lithos/internal/app/query/service.go:215.27,217.3 1 0
github.com/JackMatanky/lithos/internal/app/query/service.go:219.2,224.3 1 0
github.com/JackMatanky/lithos/internal/app/query/service.go:239.26,245.94 1 1
github.com/JackMatanky/lithos/internal/app/query/service.go:245.94,247.4 1 0
github.com/JackMatanky/lithos/internal/app/query/service.go:268.26,274.94 1 1
github.com/JackMatanky/lithos/internal/app/query/service.go:274.94,276.4 1 1
github.com/JackMatanky/lithos/internal/app/query/service.go:297.26,303.94 1 1
github.com/JackMatanky/lithos/internal/app/query/service.go:303.94,305.4 1 1
github.com/JackMatanky/lithos/internal/app/query/service.go:323.26,329.94 1 0
github.com/JackMatanky/lithos/internal/app/query/service.go:329.94,331.4 1 0
github.com/JackMatanky/lithos/internal/app/query/service.go:341.26,346.16 4 1
github.com/JackMatanky/lithos/internal/app/query/service.go:346.16,348.3 1 0
github.com/JackMatanky/lithos/internal/app/query/service.go:351.2,353.90 1 1
github.com/JackMatanky/lithos/internal/app/query/service.go:353.90,355.4 1 1
github.com/JackMatanky/lithos/internal/app/query/service.go:360.2,362.19 2 1
github.com/JackMatanky/lithos/internal/app/query/service.go:387.26,392.9 4 1
github.com/JackMatanky/lithos/internal/app/query/service.go:392.9,396.3 2 0
github.com/JackMatanky/lithos/internal/app/query/service.go:399.2,401.66 3 1
github.com/JackMatanky/lithos/internal/app/query/service.go:401.66,407.3 1 1
github.com/JackMatanky/lithos/internal/app/query/service.go:410.2,412.19 2 1
github.com/JackMatanky/lithos/internal/app/query/service.go:416.69,421.2 1 1
github.com/JackMatanky/lithos/internal/app/query/service.go:427.3,434.2 2 1
github.com/JackMatanky/lithos/internal/app/query/service.go:441.3,449.2 2 1
github.com/JackMatanky/lithos/internal/app/query/service.go:453.64,458.2 1 0
github.com/JackMatanky/lithos/internal/app/query/service.go:462.47,465.2 2 0
github.com/JackMatanky/lithos/internal/app/query/service.go:467.46,468.23 1 1
github.com/JackMatanky/lithos/internal/app/query/service.go:468.23,470.3 1 1
github.com/JackMatanky/lithos/internal/app/query/service.go:471.2,474.3 1 0
github.com/JackMatanky/lithos/internal/app/query/service.go:480.9,482.9 2 0
github.com/JackMatanky/lithos/internal/app/query/service.go:482.9,484.3 1 0
github.com/JackMatanky/lithos/internal/app/query/service.go:485.2,488.27 3 0
github.com/JackMatanky/lithos/internal/app/query/service.go:488.27,490.3 1 0
github.com/JackMatanky/lithos/internal/app/query/service.go:491.2,491.29 1 0
github.com/JackMatanky/lithos/internal/app/query/service.go:491.29,493.3 1 0
github.com/JackMatanky/lithos/internal/app/query/service.go:494.2,494.23 1 0
github.com/JackMatanky/lithos/internal/app/query/service.go:494.23,499.3 1 0
github.com/JackMatanky/lithos/internal/app/query/service.go:501.2,507.12 2 0
github.com/JackMatanky/lithos/internal/app/query/service.go:519.26,529.2 4 1
github.com/JackMatanky/lithos/internal/app/metrics/service.go:23.67,31.16 2 1
github.com/JackMatanky/lithos/internal/app/metrics/service.go:31.16,36.3 1 1
github.com/JackMatanky/lithos/internal/app/metrics/service.go:37.2,37.12 1 1
github.com/JackMatanky/lithos/internal/app/metrics/service.go:41.63,45.2 3 1
github.com/JackMatanky/lithos/internal/app/metrics/service.go:50.9,52.9 2 1
github.com/JackMatanky/lithos/internal/app/metrics/service.go:52.9,54.3 1 0
github.com/JackMatanky/lithos/internal/app/metrics/service.go:56.2,57.23 2 1
github.com/JackMatanky/lithos/internal/app/metrics/service.go:57.23,59.3 1 1
github.com/JackMatanky/lithos/internal/app/metrics/service.go:59.8,61.3 1 1
github.com/JackMatanky/lithos/internal/app/metrics/service.go:62.2,70.12 3 1
github.com/JackMatanky/lithos/internal/app/schema/engine.go:80.26,82.23 1 1
github.com/JackMatanky/lithos/internal/app/schema/engine.go:82.23,84.3 1 1
github.com/JackMatanky/lithos/internal/app/schema/engine.go:85.2,85.25 1 1
github.com/JackMatanky/lithos/internal/app/schema/engine.go:85.25,87.3 1 1
github.com/JackMatanky/lithos/internal/app/schema/engine.go:90.2,97.8 1 1
github.com/JackMatanky/lithos/internal/app/schema/engine.go:114.56,118.20 3 1
github.com/JackMatanky/lithos/internal/app/schema/engine.go:118.20,120.3 1 1
github.com/JackMatanky/lithos/internal/app/schema/engine.go:122.2,122.89 1 1
github.com/JackMatanky/lithos/internal/app/schema/engine.go:122.89,124.3 1 1
github.com/JackMatanky/lithos/internal/app/schema/engine.go:126.2,126.12 1 1
github.com/JackMatanky/lithos/internal/app/schema/engine.go:132.58,136.31 3 0
github.com/JackMatanky/lithos/internal/app/schema/engine.go:136.31,138.3 1 0
github.com/JackMatanky/lithos/internal/app/schema/engine.go:140.2,141.41 2 0
github.com/JackMatanky/lithos/internal/app/schema/engine.go:141.41,143.3 1 0
github.com/JackMatanky/lithos/internal/app/schema/engine.go:144.2,144.15 1 0
github.com/JackMatanky/lithos/internal/app/schema/engine.go:150.49,155.16 4 1
github.com/JackMatanky/lithos/internal/app/schema/engine.go:155.16,161.3 2 1
github.com/JackMatanky/lithos/internal/app/schema/engine.go:163.2,171.27 3 1
github.com/JackMatanky/lithos/internal/app/schema/engine.go:180.9,184.71 3 1
github.com/JackMatanky/lithos/internal/app/schema/engine.go:184.71,187.3 2 1
github.com/JackMatanky/lithos/internal/app/schema/engine.go:188.2,200.12 6 1
github.com/JackMatanky/lithos/internal/app/schema/engine.go:203.67,207.23 3 1
github.com/JackMatanky/lithos/internal/app/schema/engine.go:207.23,210.3 2 0
github.com/JackMatanky/lithos/internal/app/schema/engine.go:212.2,213.33 2 1
github.com/JackMatanky/lithos/internal/app/schema/engine.go:213.33,215.3 1 1
github.com/JackMatanky/lithos/internal/app/schema/engine.go:218.51,220.29 2 1
github.com/JackMatanky/lithos/internal/app/schema/engine.go:220.29,223.3 2 0
github.com/JackMatanky/lithos/internal/app/schema/engine.go:224.2,224.37 1 1
github.com/JackMatanky/lithos/internal/app/schema/engine.go:224.37,230.3 2 0
github.com/JackMatanky/lithos/internal/app/schema/engine.go:231.2,231.27 1 1
github.com/JackMatanky/lithos/internal/app/schema/engine.go:231.27,233.3 1 0
github.com/JackMatanky/lithos/internal/app/schema/engine.go:234.2,234.12 1 1
github.com/JackMatanky/lithos/internal/app/schema/engine.go:240.3,241.23 1 1
github.com/JackMatanky/lithos/internal/app/schema/engine.go:241.23,243.3 1 1
github.com/JackMatanky/lithos/internal/app/schema/engine.go:244.2,244.33 1 0
github.com/JackMatanky/lithos/internal/app/schema/engine.go:244.33,250.17 2 0
github.com/JackMatanky/lithos/internal/app/schema/engine.go:250.17,254.12 2 0
github.com/JackMatanky/lithos/internal/app/schema/engine.go:256.3,256.70 1 0
github.com/JackMatanky/lithos/internal/app/schema/engine.go:256.70,260.4 1 0
github.com/JackMatanky/lithos/internal/app/schema/engine.go:263.2,264.16 2 0
github.com/JackMatanky/lithos/internal/app/schema/engine.go:264.16,267.3 2 0
github.com/JackMatanky/lithos/internal/app/schema/engine.go:268.2,268.75 1 0
github.com/JackMatanky/lithos/internal/app/schema/engine.go:268.75,270.3 1 0
github.com/JackMatanky/lithos/internal/app/schema/engine.go:292.14,296.26 2 0
github.com/JackMatanky/lithos/internal/app/schema/engine.go:297.21,299.17 2 0
github.com/JackMatanky/lithos/internal/app/schema/engine.go:299.17,301.4 1 0
github.com/JackMatanky/lithos/internal/app/schema/engine.go:302.3,302.36 1 0
github.com/JackMatanky/lithos/internal/app/schema/engine.go:304.23,306.17 2 0
github.com/JackMatanky/lithos/internal/app/schema/engine.go:306.17,308.4 1 0
github.com/JackMatanky/lithos/internal/app/schema/engine.go:309.3,309.32 1 0
github.com/JackMatanky/lithos/internal/app/schema/engine.go:311.10,312.74 1 0
github.com/JackMatanky/lithos/internal/app/schema/engine.go:335.8,339.26 2 0
github.com/JackMatanky/lithos/internal/app/schema/engine.go:340.21,341.45 1 0
github.com/JackMatanky/lithos/internal/app/schema/engine.go:343.23,344.47 1 0
github.com/JackMatanky/lithos/internal/app/schema/engine.go:346.10,347.15 1 0
github.com/JackMatanky/lithos/internal/app/template/service.go:63.19,72.2 1 1
github.com/JackMatanky/lithos/internal/app/template/service.go:97.19,100.16 2 1
github.com/JackMatanky/lithos/internal/app/template/service.go:100.16,102.3 1 1
github.com/JackMatanky/lithos/internal/app/template/service.go:105.2,106.16 2 1
github.com/JackMatanky/lithos/internal/app/template/service.go:106.16,108.3 1 1
github.com/JackMatanky/lithos/internal/app/template/service.go:111.2,112.59 2 1
github.com/JackMatanky/lithos/internal/app/template/service.go:112.59,118.3 1 1
github.com/JackMatanky/lithos/internal/app/template/service.go:120.2,123.26 2 1
github.com/JackMatanky/lithos/internal/app/template/service.go:144.28,147.2 2 1
github.com/JackMatanky/lithos/internal/app/template/service.go:158.58,160.22 2 1
github.com/JackMatanky/lithos/internal/app/template/service.go:160.22,163.3 2 0
github.com/JackMatanky/lithos/internal/app/template/service.go:164.2,168.22 4 1
github.com/JackMatanky/lithos/internal/app/template/service.go:168.22,170.3 1 0
github.com/JackMatanky/lithos/internal/app/template/service.go:171.2,173.41 1 1
github.com/JackMatanky/lithos/internal/app/template/service.go:173.41,173.77 1 1
github.com/JackMatanky/lithos/internal/app/template/service.go:178.27,178.40 1 1
github.com/JackMatanky/lithos/internal/app/template/service.go:180.37,183.4 2 1
github.com/JackMatanky/lithos/internal/app/template/service.go:186.30,186.59 1 1
github.com/JackMatanky/lithos/internal/app/template/service.go:188.2,188.18 1 1
github.com/JackMatanky/lithos/internal/app/template/service.go:191.56,193.2 1 1
github.com/JackMatanky/lithos/internal/app/template/service.go:197.31,201.76 3 1
github.com/JackMatanky/lithos/internal/app/template/service.go:201.76,204.3 2 0
github.com/JackMatanky/lithos/internal/app/template/service.go:205.2,210.16 3 1
github.com/JackMatanky/lithos/internal/app/template/service.go:210.16,216.3 1 1
github.com/JackMatanky/lithos/internal/app/template/service.go:218.2,225.20 4 1
github.com/JackMatanky/lithos/internal/app/template/service.go:228.38,231.16 3 1
github.com/JackMatanky/lithos/internal/app/template/service.go:231.16,234.72 1 0
github.com/JackMatanky/lithos/internal/app/template/service.go:236.2,236.23 1 1
github.com/JackMatanky/lithos/internal/app/vault/caching_service.go:42.19,51.21 2 1
github.com/JackMatanky/lithos/internal/app/vault/caching_service.go:51.21,56.3 1 1
github.com/JackMatanky/lithos/internal/app/vault/caching_service.go:58.2,58.16 1 1
github.com/JackMatanky/lithos/internal/app/vault/caching_service.go:65.9,67.9 2 1
github.com/JackMatanky/lithos/internal/app/vault/caching_service.go:67.9,69.3 1 0
github.com/JackMatanky/lithos/internal/app/vault/caching_service.go:71.2,78.36 4 1
github.com/JackMatanky/lithos/internal/app/vault/caching_service.go:78.36,84.3 2 0
github.com/JackMatanky/lithos/internal/app/vault/caching_service.go:87.2,92.53 2 1
github.com/JackMatanky/lithos/internal/app/vault/caching_service.go:92.53,97.59 2 0
github.com/JackMatanky/lithos/internal/app/vault/caching_service.go:97.59,102.4 1 0
github.com/JackMatanky/lithos/internal/app/vault/caching_service.go:103.3,103.13 1 0
github.com/JackMatanky/lithos/internal/app/vault/caching_service.go:107.2,107.40 1 1
github.com/JackMatanky/lithos/internal/app/vault/caching_service.go:107.40,113.3 2 0
github.com/JackMatanky/lithos/internal/app/vault/caching_service.go:115.2,119.12 2 1
github.com/JackMatanky/lithos/internal/app/vault/indexer.go:97.17,111.21 2 1
github.com/JackMatanky/lithos/internal/app/vault/indexer.go:111.21,117.3 2 1
github.com/JackMatanky/lithos/internal/app/vault/indexer.go:118.2,118.16 1 1
github.com/JackMatanky/lithos/internal/app/vault/indexer.go:148.71,164.27 5 1
github.com/JackMatanky/lithos/internal/app/vault/indexer.go:164.27,165.50 1 0
github.com/JackMatanky/lithos/internal/app/vault/indexer.go:165.50,167.4 1 0
github.com/JackMatanky/lithos/internal/app/vault/indexer.go:171.2,172.16 2 1
github.com/JackMatanky/lithos/internal/app/vault/indexer.go:172.16,174.3 1 1
github.com/JackMatanky/lithos/internal/app/vault/indexer.go:175.2,179.46 3 1
github.com/JackMatanky/lithos/internal/app/vault/indexer.go:179.46,181.3 1 0
github.com/JackMatanky/lithos/internal/app/vault/indexer.go:184.2,184.28 1 1
github.com/JackMatanky/lithos/internal/app/vault/indexer.go:184.28,185.47 1 1
github.com/JackMatanky/lithos/internal/app/vault/indexer.go:185.47,188.4 2 0
github.com/JackMatanky/lithos/internal/app/vault/indexer.go:189.3,189.50 1 1
github.com/JackMatanky/lithos/internal/app/vault/indexer.go:193.2,193.52 1 1
github.com/JackMatanky/lithos/internal/app/vault/indexer.go:193.52,198.3 2 1
github.com/JackMatanky/lithos/internal/app/vault/indexer.go:200.2,208.26 3 1
github.com/JackMatanky/lithos/internal/app/vault/indexer.go:208.26,212.3 1 0
github.com/JackMatanky/lithos/internal/app/vault/indexer.go:212.8,214.3 1 1
github.com/JackMatanky/lithos/internal/app/vault/indexer.go:217.2,220.19 3 1
github.com/JackMatanky/lithos/internal/app/vault/indexer.go:249.76,265.27 5 0
github.com/JackMatanky/lithos/internal/app/vault/indexer.go:265.27,266.50 1 0
github.com/JackMatanky/lithos/internal/app/vault/indexer.go:266.50,268.4 1 0
github.com/JackMatanky/lithos/internal/app/vault/indexer.go:272.2,273.46 2 0
github.com/JackMatanky/lithos/internal/app/vault/indexer.go:273.46,275.3 1 0
github.com/JackMatanky/lithos/internal/app/vault/indexer.go:278.2,282.16 3 0
github.com/JackMatanky/lithos/internal/app/vault/indexer.go:282.16,284.3 1 0
github.com/JackMatanky/lithos/internal/app/vault/indexer.go:285.2,288.28 2 0
github.com/JackMatanky/lithos/internal/app/vault/indexer.go:288.28,289.47 1 0
github.com/JackMatanky/lithos/internal/app/vault/indexer.go:289.47,291.4 1 0
github.com/JackMatanky/lithos/internal/app/vault/indexer.go:292.3,292.50 1 0
github.com/JackMatanky/lithos/internal/app/vault/indexer.go:296.2,296.52 1 0
github.com/JackMatanky/lithos/internal/app/vault/indexer.go:296.52,303.3 1 0
github.com/JackMatanky/lithos/internal/app/vault/indexer.go:305.2,313.26 3 0
github.com/JackMatanky/lithos/internal/app/vault/indexer.go:313.26,317.3 1 0
github.com/JackMatanky/lithos/internal/app/vault/indexer.go:317.8,319.3 1 0
github.com/JackMatanky/lithos/internal/app/vault/indexer.go:322.2,324.12 2 0
github.com/JackMatanky/lithos/internal/app/vault/indexer.go:343.17,345.20 2 0
github.com/JackMatanky/lithos/internal/app/vault/indexer.go:345.20,350.3 2 0
github.com/JackMatanky/lithos/internal/app/vault/indexer.go:352.2,353.29 2 0
github.com/JackMatanky/lithos/internal/app/vault/indexer.go:353.29,358.21 4 0
github.com/JackMatanky/lithos/internal/app/vault/indexer.go:358.21,360.12 2 0
github.com/JackMatanky/lithos/internal/app/vault/indexer.go:363.3,363.29 1 0
github.com/JackMatanky/lithos/internal/app/vault/indexer.go:363.29,364.63 1 0
github.com/JackMatanky/lithos/internal/app/vault/indexer.go:364.63,370.5 2 0
github.com/JackMatanky/lithos/internal/app/vault/indexer.go:370.10,375.5 1 0
github.com/JackMatanky/lithos/internal/app/vault/indexer.go:376.4,376.12 1 0
github.com/JackMatanky/lithos/internal/app/vault/indexer.go:379.3,384.36 2 0
github.com/JackMatanky/lithos/internal/app/vault/indexer.go:387.2,387.17 1 0
github.com/JackMatanky/lithos/internal/app/vault/indexer.go:405.34,407.28 2 1
github.com/JackMatanky/lithos/internal/app/vault/indexer.go:407.28,414.22 3 0
github.com/JackMatanky/lithos/internal/app/vault/indexer.go:414.22,419.4 1 0
github.com/JackMatanky/lithos/internal/app/vault/indexer.go:423.2,427.21 2 1
github.com/JackMatanky/lithos/internal/app/vault/indexer.go:427.21,432.3 1 0
github.com/JackMatanky/lithos/internal/app/vault/indexer.go:435.2,439.21 2 1
github.com/JackMatanky/lithos/internal/app/vault/indexer.go:439.21,444.3 1 0
github.com/JackMatanky/lithos/internal/app/vault/indexer.go:447.2,464.20 3 1
github.com/JackMatanky/lithos/internal/app/vault/indexer.go:476.80,478.2 1 1
github.com/JackMatanky/lithos/internal/app/vault/indexer.go:490.3,492.24 2 1
github.com/JackMatanky/lithos/internal/app/vault/indexer.go:492.24,494.3 1 1
github.com/JackMatanky/lithos/internal/app/vault/indexer.go:494.8,496.17 2 0
github.com/JackMatanky/lithos/internal/app/vault/indexer.go:496.17,498.4 1 0
github.com/JackMatanky/lithos/internal/app/vault/indexer.go:501.2,503.28 3 1
github.com/JackMatanky/lithos/internal/app/vault/indexer.go:503.28,505.30 2 1
github.com/JackMatanky/lithos/internal/app/vault/indexer.go:505.30,508.4 2 1
github.com/JackMatanky/lithos/internal/app/vault/indexer.go:510.2,510.40 1 1
github.com/JackMatanky/lithos/internal/app/vault/indexer.go:524.3,525.22 1 1
github.com/JackMatanky/lithos/internal/app/vault/indexer.go:525.22,527.3 1 0
github.com/JackMatanky/lithos/internal/app/vault/indexer.go:527.8,529.17 2 1
github.com/JackMatanky/lithos/internal/app/vault/indexer.go:529.17,531.4 1 0
github.com/JackMatanky/lithos/internal/app/vault/indexer.go:534.2,536.29 3 1
github.com/JackMatanky/lithos/internal/app/vault/indexer.go:536.29,539.3 2 0
github.com/JackMatanky/lithos/internal/app/vault/indexer.go:540.2,540.8 1 1
github.com/JackMatanky/lithos/internal/app/vault/indexer.go:547.28,548.24 1 0
github.com/JackMatanky/lithos/internal/app/vault/indexer.go:548.24,550.3 1 0
github.com/JackMatanky/lithos/internal/app/vault/indexer.go:552.2,555.25 3 0
github.com/JackMatanky/lithos/internal/app/vault/indexer.go:555.25,559.3 3 0
github.com/JackMatanky/lithos/internal/app/vault/indexer.go:561.2,561.26 1 0
github.com/JackMatanky/lithos/internal/app/vault/indexer.go:561.26,562.35 1 0
github.com/JackMatanky/lithos/internal/app/vault/indexer.go:562.35,564.4 1 0
github.com/JackMatanky/lithos/internal/app/vault/indexer.go:566.3,570.43 4 0
github.com/JackMatanky/lithos/internal/app/vault/indexer.go:570.43,571.12 1 0
github.com/JackMatanky/lithos/internal/app/vault/indexer.go:574.3,575.17 2 0
github.com/JackMatanky/lithos/internal/app/vault/indexer.go:575.17,576.26 1 0
github.com/JackMatanky/lithos/internal/app/vault/indexer.go:576.26,577.13 1 0
github.com/JackMatanky/lithos/internal/app/vault/indexer.go:579.4,579.19 1 0
github.com/JackMatanky/lithos/internal/app/vault/indexer.go:581.3,581.61 1 0
github.com/JackMatanky/lithos/internal/app/vault/indexer.go:581.61,582.12 1 0
github.com/JackMatanky/lithos/internal/app/vault/indexer.go:585.3,591.17 2 0
github.com/JackMatanky/lithos/internal/app/vault/indexer.go:591.17,596.12 2 0
github.com/JackMatanky/lithos/internal/app/vault/indexer.go:598.3,599.31 2 0
github.com/JackMatanky/lithos/internal/app/vault/indexer.go:602.2,602.22 1 0
github.com/JackMatanky/lithos/internal/app/vault/indexer.go:618.3,624.29 4 1
github.com/JackMatanky/lithos/internal/app/vault/indexer.go:624.29,626.33 2 0
github.com/JackMatanky/lithos/internal/app/vault/indexer.go:626.33,630.4 3 0
github.com/JackMatanky/lithos/internal/app/vault/indexer.go:634.2,634.39 1 1
github.com/JackMatanky/lithos/internal/app/vault/indexer.go:634.39,635.32 1 1
github.com/JackMatanky/lithos/internal/app/vault/indexer.go:635.32,639.4 3 1
github.com/JackMatanky/lithos/internal/app/vault/indexer.go:642.2,646.15 1 1
github.com/JackMatanky/lithos/internal/app/vault/indexer.go:662.28,664.2 1 0
github.com/JackMatanky/lithos/internal/app/vault/indexer.go:680.3,682.31 1 1
github.com/JackMatanky/lithos/internal/app/vault/indexer.go:682.31,684.3 1 0
github.com/JackMatanky/lithos/internal/app/vault/indexer.go:687.2,688.16 2 1
github.com/JackMatanky/lithos/internal/app/vault/indexer.go:688.16,695.3 3 1
github.com/JackMatanky/lithos/internal/app/vault/indexer.go:698.2,698.33 1 1
github.com/JackMatanky/lithos/internal/app/vault/indexer.go:698.33,702.27 1 0
github.com/JackMatanky/lithos/internal/app/vault/indexer.go:702.27,709.4 3 0
github.com/JackMatanky/lithos/internal/app/vault/indexer.go:710.3,710.30 1 0
github.com/JackMatanky/lithos/internal/app/vault/indexer.go:715.2,717.67 3 1
github.com/JackMatanky/lithos/internal/app/vault/indexer.go:717.67,725.3 2 0
github.com/JackMatanky/lithos/internal/app/vault/indexer.go:725.8,728.3 2 1
github.com/JackMatanky/lithos/internal/app/vault/indexer.go:734.26,735.37 1 1
github.com/JackMatanky/lithos/internal/app/vault/indexer.go:735.37,741.3 1 0
github.com/JackMatanky/lithos/internal/app/vault/indexer.go:742.2,742.17 1 1
github.com/JackMatanky/lithos/internal/app/vault/indexer.go:742.17,744.3 1 1
github.com/JackMatanky/lithos/internal/app/vault/indexer.go:745.2,745.53 1 0
github.com/JackMatanky/lithos/internal/app/vault/indexer.go:751.26,753.16 2 1
github.com/JackMatanky/lithos/internal/app/vault/indexer.go:753.16,755.3 1 0
github.com/JackMatanky/lithos/internal/app/vault/indexer.go:756.2,758.16 3 1
github.com/JackMatanky/lithos/internal/app/vault/indexer.go:758.16,760.3 1 1
github.com/JackMatanky/lithos/internal/app/vault/indexer.go:761.2,763.13 3 0
github.com/JackMatanky/lithos/internal/app/vault/indexer.go:771.51,780.2 1 1
github.com/JackMatanky/lithos/internal/app/vault/indexer.go:785.3,786.23 1 1
github.com/JackMatanky/lithos/internal/app/vault/indexer.go:786.23,788.3 1 0
github.com/JackMatanky/lithos/internal/app/vault/indexer.go:789.2,790.16 2 1
github.com/JackMatanky/lithos/internal/app/vault/indexer.go:790.16,796.3 2 0
github.com/JackMatanky/lithos/internal/app/vault/indexer.go:797.2,797.69 1 1
github.com/JackMatanky/lithos/internal/app/vault/indexer.go:797.69,802.3 1 0
github.com/JackMatanky/lithos/internal/app/vault/indexer.go:808.3,809.23 1 1
github.com/JackMatanky/lithos/internal/app/vault/indexer.go:809.23,811.3 1 0
github.com/JackMatanky/lithos/internal/app/vault/indexer.go:812.2,825.16 3 1
github.com/JackMatanky/lithos/internal/app/vault/indexer.go:825.16,830.3 2 0
github.com/JackMatanky/lithos/internal/app/vault/indexer.go:831.2,831.69 1 1
github.com/JackMatanky/lithos/internal/app/vault/indexer.go:831.69,835.3 1 0
github.com/JackMatanky/lithos/internal/app/vault/indexer.go:841.9,843.9 2 0
github.com/JackMatanky/lithos/internal/app/vault/indexer.go:843.9,845.3 1 0
github.com/JackMatanky/lithos/internal/app/vault/indexer.go:846.2,846.44 1 0
github.com/JackMatanky/lithos/internal/app/vault/indexer.go:846.44,848.3 1 0
github.com/JackMatanky/lithos/internal/app/vault/indexer.go:849.2,851.12 3 0
github.com/JackMatanky/lithos/internal/app/vault/indexer.go:857.9,858.32 1 0
github.com/JackMatanky/lithos/internal/app/vault/indexer.go:858.32,860.3 1 0
github.com/JackMatanky/lithos/internal/app/vault/indexer.go:861.2,862.9 2 0
github.com/JackMatanky/lithos/internal/app/vault/indexer.go:862.9,864.3 1 0
github.com/JackMatanky/lithos/internal/app/vault/indexer.go:865.2,865.48 1 0
github.com/JackMatanky/lithos/internal/app/vault/indexer.go:871.9,872.33 1 0
github.com/JackMatanky/lithos/internal/app/vault/indexer.go:872.33,873.98 1 0
github.com/JackMatanky/lithos/internal/app/vault/indexer.go:873.98,875.4 1 0
github.com/JackMatanky/lithos/internal/app/vault/indexer.go:877.2,878.46 2 0
github.com/JackMatanky/lithos/internal/app/vault/indexer.go:878.46,880.3 1 0
github.com/JackMatanky/lithos/internal/app/vault/indexer.go:881.2,883.67 3 0
github.com/JackMatanky/lithos/internal/app/vault/indexer.go:883.67,885.3 1 0
github.com/JackMatanky/lithos/internal/app/vault/indexer.go:886.2,886.52 1 0
github.com/JackMatanky/lithos/internal/app/vault/indexer.go:886.52,888.3 1 0
github.com/JackMatanky/lithos/internal/app/vault/indexer.go:889.2,892.12 2 0
github.com/JackMatanky/lithos/internal/app/vault/indexer.go:904.3,914.2 1 0
github.com/JackMatanky/lithos/internal/app/vault/indexer.go:922.79,923.25 1 1
github.com/JackMatanky/lithos/internal/app/vault/indexer.go:923.25,928.3 1 1
github.com/JackMatanky/lithos/internal/app/vault/indexer.go:928.8,937.3 1 1
github.com/JackMatanky/lithos/internal/app/vault/markdown_processor.go:37.30,45.21 2 1
github.com/JackMatanky/lithos/internal/app/vault/markdown_processor.go:45.21,50.3 1 1
github.com/JackMatanky/lithos/internal/app/vault/markdown_processor.go:52.2,52.16 1 1
github.com/JackMatanky/lithos/internal/app/vault/markdown_processor.go:59.9,61.9 2 1
github.com/JackMatanky/lithos/internal/app/vault/markdown_processor.go:61.9,63.3 1 0
github.com/JackMatanky/lithos/internal/app/vault/markdown_processor.go:66.2,66.57 1 1
github.com/JackMatanky/lithos/internal/app/vault/markdown_processor.go:66.57,68.3 1 1
github.com/JackMatanky/lithos/internal/app/vault/markdown_processor.go:70.2,80.16 3 1
github.com/JackMatanky/lithos/internal/app/vault/markdown_processor.go:80.16,86.3 2 1
github.com/JackMatanky/lithos/internal/app/vault/markdown_processor.go:89.2,90.45 2 1
github.com/JackMatanky/lithos/internal/app/vault/note_validator.go:37.26,45.21 2 0
github.com/JackMatanky/lithos/internal/app/vault/note_validator.go:45.21,50.3 1 0
github.com/JackMatanky/lithos/internal/app/vault/note_validator.go:52.2,52.16 1 0
github.com/JackMatanky/lithos/internal/app/vault/note_validator.go:59.9,61.9 2 0
github.com/JackMatanky/lithos/internal/app/vault/note_validator.go:61.9,63.3 1 0
github.com/JackMatanky/lithos/internal/app/vault/note_validator.go:65.2,79.16 6 0
github.com/JackMatanky/lithos/internal/app/vault/note_validator.go:79.16,81.3 1 0
github.com/JackMatanky/lithos/internal/app/vault/note_validator.go:84.2,92.45 2 0
github.com/JackMatanky/lithos/internal/app/vault/processing_orchestrator.go:35.31,40.2 1 1
github.com/JackMatanky/lithos/internal/app/vault/processing_orchestrator.go:43.71,47.23 2 1
github.com/JackMatanky/lithos/internal/app/vault/processing_orchestrator.go:47.23,54.3 3 1
github.com/JackMatanky/lithos/internal/app/vault/processing_orchestrator.go:56.2,56.12 1 1
github.com/JackMatanky/lithos/internal/app/vault/processing_orchestrator.go:63.9,65.9 2 1
github.com/JackMatanky/lithos/internal/app/vault/processing_orchestrator.go:65.9,67.3 1 0
github.com/JackMatanky/lithos/internal/app/vault/processing_orchestrator.go:69.2,82.44 3 1
github.com/JackMatanky/lithos/internal/app/vault/processing_orchestrator.go:89.9,91.9 2 1
github.com/JackMatanky/lithos/internal/app/vault/processing_orchestrator.go:91.9,93.3 1 0
github.com/JackMatanky/lithos/internal/app/vault/processing_orchestrator.go:95.2,105.49 3 1
github.com/JackMatanky/lithos/internal/app/vault/processing_orchestrator.go:113.9,115.9 2 1
github.com/JackMatanky/lithos/internal/app/vault/processing_orchestrator.go:115.9,117.3 1 0
github.com/JackMatanky/lithos/internal/app/vault/processing_orchestrator.go:119.2,119.31 1 1
github.com/JackMatanky/lithos/internal/app/vault/processing_orchestrator.go:119.31,131.3 3 1
github.com/JackMatanky/lithos/internal/app/vault/processing_orchestrator.go:131.8,139.3 2 0
github.com/JackMatanky/lithos/internal/app/vault/unit_of_work.go:74.19,79.2 1 1
github.com/JackMatanky/lithos/internal/app/vault/unit_of_work.go:85.9,87.2 1 1
github.com/JackMatanky/lithos/internal/app/vault/unit_of_work.go:93.9,95.2 1 1
github.com/JackMatanky/lithos/internal/app/vault/unit_of_work.go:98.48,100.2 1 0
github.com/JackMatanky/lithos/internal/app/vault/unit_of_work.go:103.59,105.2 1 1
github.com/JackMatanky/lithos/internal/app/vault/unit_of_work.go:111.9,113.2 1 0
github.com/JackMatanky/lithos/internal/app/vault/unit_of_work.go:119.9,122.2 1 0
github.com/JackMatanky/lithos/internal/app/vault/unit_of_work.go:125.49,127.2 1 0
github.com/JackMatanky/lithos/internal/app/vault/unit_of_work.go:133.27,138.2 1 1
github.com/JackMatanky/lithos/internal/app/vault/unit_of_work.go:146.9,154.16 2 1
github.com/JackMatanky/lithos/internal/app/vault/unit_of_work.go:154.16,156.3 1 1
github.com/JackMatanky/lithos/internal/app/vault/unit_of_work.go:159.2,165.16 2 1
github.com/JackMatanky/lithos/internal/app/vault/unit_of_work.go:165.16,167.76 1 1
github.com/JackMatanky/lithos/internal/app/vault/unit_of_work.go:167.76,173.4 1 0
github.com/JackMatanky/lithos/internal/app/vault/unit_of_work.go:174.3,174.58 1 1
github.com/JackMatanky/lithos/internal/app/vault/unit_of_work.go:177.2,177.12 1 1
github.com/JackMatanky/lithos/internal/app/vault/unit_of_work.go:187.24,189.25 2 1
github.com/JackMatanky/lithos/internal/app/vault/unit_of_work.go:189.25,190.49 1 1
github.com/JackMatanky/lithos/internal/app/vault/unit_of_work.go:190.49,196.4 2 1
github.com/JackMatanky/lithos/internal/app/vault/unit_of_work.go:197.3,197.36 1 1
github.com/JackMatanky/lithos/internal/app/vault/unit_of_work.go:199.2,199.23 1 1
github.com/JackMatanky/lithos/internal/app/vault/unit_of_work.go:205.9,207.37 2 1
github.com/JackMatanky/lithos/internal/app/vault/unit_of_work.go:207.37,208.60 1 1
github.com/JackMatanky/lithos/internal/app/vault/unit_of_work.go:208.60,210.4 1 0
github.com/JackMatanky/lithos/internal/app/vault/unit_of_work.go:212.2,212.16 1 1
github.com/JackMatanky/lithos/internal/app/vault/unit_of_work.go:218.9,220.37 2 1
github.com/JackMatanky/lithos/internal/app/vault/unit_of_work.go:220.37,221.62 1 0
github.com/JackMatanky/lithos/internal/app/vault/unit_of_work.go:221.62,223.4 1 0
github.com/JackMatanky/lithos/internal/app/vault/unit_of_work.go:225.2,225.16 1 1
github.com/JackMatanky/lithos/internal/app/vault/unit_of_work.go:232.20,239.2 2 1
github.com/JackMatanky/lithos/internal/app/vault/unit_of_work.go:242.43,247.2 4 1
github.com/JackMatanky/lithos/internal/app/vault/unit_of_work.go:253.9,258.2 4 1
github.com/JackMatanky/lithos/internal/app/vault/unit_of_work.go:261.58,269.2 4 1
github.com/JackMatanky/lithos/internal/app/vault/unit_of_work.go:272.63,277.71 3 1
github.com/JackMatanky/lithos/internal/app/vault/unit_of_work.go:277.71,279.3 1 1
github.com/JackMatanky/lithos/internal/app/vault/unit_of_work.go:282.2,283.12 2 1
github.com/JackMatanky/lithos/internal/app/vault/unit_of_work.go:287.65,292.2 4 0
github.com/JackMatanky/lithos/internal/domain/config.go:89.40,102.2 1 0
github.com/JackMatanky/lithos/internal/domain/config.go:105.67,108.2 2 0
github.com/JackMatanky/lithos/internal/domain/config.go:111.69,114.2 2 0
github.com/JackMatanky/lithos/internal/domain/config.go:117.67,120.2 2 0
github.com/JackMatanky/lithos/internal/domain/config.go:123.74,126.2 2 0
github.com/JackMatanky/lithos/internal/domain/config.go:129.65,132.2 2 0
github.com/JackMatanky/lithos/internal/domain/config.go:135.67,138.2 2 0
github.com/JackMatanky/lithos/internal/domain/config.go:141.69,144.2 2 0
github.com/JackMatanky/lithos/internal/domain/config.go:149.18,152.2 2 0
github.com/JackMatanky/lithos/internal/domain/config.go:155.49,160.41 2 0
github.com/JackMatanky/lithos/internal/domain/config.go:160.41,161.52 1 0
github.com/JackMatanky/lithos/internal/domain/config.go:161.52,163.4 1 0
github.com/JackMatanky/lithos/internal/domain/config.go:166.2,166.20 1 0
github.com/JackMatanky/lithos/internal/domain/config.go:170.61,172.42 1 0
github.com/JackMatanky/lithos/internal/domain/config.go:172.42,177.3 1 0
github.com/JackMatanky/lithos/internal/domain/config.go:178.2,178.40 1 0
github.com/JackMatanky/lithos/internal/domain/config.go:178.40,180.3 1 0
github.com/JackMatanky/lithos/internal/domain/config.go:181.2,181.38 1 0
github.com/JackMatanky/lithos/internal/domain/config.go:181.38,183.3 1 0
github.com/JackMatanky/lithos/internal/domain/config.go:184.2,184.15 1 0
github.com/JackMatanky/lithos/internal/domain/config.go:201.10,203.21 1 1
github.com/JackMatanky/lithos/internal/domain/config.go:203.21,205.3 1 1
github.com/JackMatanky/lithos/internal/domain/config.go:206.2,206.24 1 1
github.com/JackMatanky/lithos/internal/domain/config.go:206.24,208.3 1 1
github.com/JackMatanky/lithos/internal/domain/config.go:209.2,209.22 1 1
github.com/JackMatanky/lithos/internal/domain/config.go:209.22,211.3 1 1
github.com/JackMatanky/lithos/internal/domain/config.go:212.2,212.28 1 1
github.com/JackMatanky/lithos/internal/domain/config.go:212.28,214.3 1 1
github.com/JackMatanky/lithos/internal/domain/config.go:215.2,215.20 1 1
github.com/JackMatanky/lithos/internal/domain/config.go:215.20,217.3 1 1
github.com/JackMatanky/lithos/internal/domain/config.go:218.2,218.20 1 1
github.com/JackMatanky/lithos/internal/domain/config.go:218.20,220.3 1 1
github.com/JackMatanky/lithos/internal/domain/config.go:221.2,221.24 1 1
github.com/JackMatanky/lithos/internal/domain/config.go:221.24,223.3 1 1
github.com/JackMatanky/lithos/internal/domain/config.go:225.2,233.3 1 1
github.com/JackMatanky/lithos/internal/domain/config.go:240.29,250.2 1 1
github.com/JackMatanky/lithos/internal/domain/config.go:254.43,256.2 1 1
github.com/JackMatanky/lithos/internal/domain/config.go:261.25,263.27 2 1
github.com/JackMatanky/lithos/internal/domain/config.go:263.27,266.3 2 1
github.com/JackMatanky/lithos/internal/domain/config.go:267.2,269.23 2 1
github.com/JackMatanky/lithos/internal/domain/config.go:269.23,274.3 4 1
github.com/JackMatanky/lithos/internal/domain/config.go:276.2,278.23 3 1
github.com/JackMatanky/lithos/internal/domain/config.go:284.41,289.2 3 1
github.com/JackMatanky/lithos/internal/domain/config.go:293.30,299.2 4 1
github.com/JackMatanky/lithos/internal/domain/events.go:128.22,129.21 1 1
github.com/JackMatanky/lithos/internal/domain/events.go:129.21,131.3 1 0
github.com/JackMatanky/lithos/internal/domain/events.go:132.2,132.23 1 1
github.com/JackMatanky/lithos/internal/domain/events.go:132.23,134.3 1 0
github.com/JackMatanky/lithos/internal/domain/events.go:135.2,135.25 1 1
github.com/JackMatanky/lithos/internal/domain/events.go:135.25,137.3 1 0
github.com/JackMatanky/lithos/internal/domain/events.go:138.2,142.8 1 1
github.com/JackMatanky/lithos/internal/domain/events.go:146.39,148.2 1 1
github.com/JackMatanky/lithos/internal/domain/events.go:151.43,153.2 1 1
github.com/JackMatanky/lithos/internal/domain/events.go:156.41,158.2 1 1
github.com/JackMatanky/lithos/internal/domain/events.go:164.30,165.40 1 1
github.com/JackMatanky/lithos/internal/domain/events.go:165.40,167.3 1 1
github.com/JackMatanky/lithos/internal/domain/events.go:168.2,169.21 2 1
github.com/JackMatanky/lithos/internal/domain/events.go:169.21,171.3 1 1
github.com/JackMatanky/lithos/internal/domain/events.go:172.2,173.16 2 1
github.com/JackMatanky/lithos/internal/domain/events.go:173.16,175.3 1 0
github.com/JackMatanky/lithos/internal/domain/events.go:176.2,181.8 1 1
github.com/JackMatanky/lithos/internal/domain/events.go:188.21,190.16 2 1
github.com/JackMatanky/lithos/internal/domain/events.go:190.16,191.13 1 0
github.com/JackMatanky/lithos/internal/domain/events.go:193.2,193.14 1 1
github.com/JackMatanky/lithos/internal/domain/events.go:197.42,199.2 1 1
github.com/JackMatanky/lithos/internal/domain/events.go:202.47,204.2 1 1
github.com/JackMatanky/lithos/internal/domain/events.go:207.40,209.2 1 1
github.com/JackMatanky/lithos/internal/domain/events.go:216.40,217.30 1 1
github.com/JackMatanky/lithos/internal/domain/events.go:217.30,219.3 1 1
github.com/JackMatanky/lithos/internal/domain/events.go:220.2,220.30 1 1
github.com/JackMatanky/lithos/internal/domain/events.go:220.30,222.3 1 0
github.com/JackMatanky/lithos/internal/domain/events.go:223.2,224.16 2 1
github.com/JackMatanky/lithos/internal/domain/events.go:224.16,226.3 1 0
github.com/JackMatanky/lithos/internal/domain/events.go:227.2,231.8 1 1
github.com/JackMatanky/lithos/internal/domain/events.go:239.31,241.16 2 1
github.com/JackMatanky/lithos/internal/domain/events.go:241.16,242.13 1 0
github.com/JackMatanky/lithos/internal/domain/events.go:244.2,244.14 1 1
github.com/JackMatanky/lithos/internal/domain/events.go:248.57,250.2 1 1
github.com/JackMatanky/lithos/internal/domain/events.go:253.69,255.2 1 1
github.com/JackMatanky/lithos/internal/domain/events.go:258.63,260.2 1 1
github.com/JackMatanky/lithos/internal/domain/events.go:263.57,265.2 1 0
github.com/JackMatanky/lithos/internal/domain/events.go:268.58,270.2 1 1
github.com/JackMatanky/lithos/internal/domain/events.go:273.58,275.2 1 1
github.com/JackMatanky/lithos/internal/domain/events.go:278.64,280.2 1 1
github.com/JackMatanky/lithos/internal/domain/events.go:283.63,285.2 1 1
github.com/JackMatanky/lithos/internal/domain/events.go:294.39,295.21 1 1
github.com/JackMatanky/lithos/internal/domain/events.go:295.21,297.3 1 1
github.com/JackMatanky/lithos/internal/domain/events.go:298.2,298.22 1 1
github.com/JackMatanky/lithos/internal/domain/events.go:298.22,300.3 1 0
github.com/JackMatanky/lithos/internal/domain/events.go:301.2,302.16 2 1
github.com/JackMatanky/lithos/internal/domain/events.go:302.16,304.3 1 0
github.com/JackMatanky/lithos/internal/domain/events.go:306.2,314.8 3 1
github.com/JackMatanky/lithos/internal/domain/events.go:324.30,332.16 2 1
github.com/JackMatanky/lithos/internal/domain/events.go:332.16,333.13 1 0
github.com/JackMatanky/lithos/internal/domain/events.go:335.2,335.14 1 1
github.com/JackMatanky/lithos/internal/domain/events.go:339.57,341.2 1 1
github.com/JackMatanky/lithos/internal/domain/events.go:344.52,346.2 1 1
github.com/JackMatanky/lithos/internal/domain/events.go:349.55,353.2 3 1
github.com/JackMatanky/lithos/internal/domain/events.go:356.49,358.2 1 0
github.com/JackMatanky/lithos/internal/domain/events.go:361.53,363.2 1 0
github.com/JackMatanky/lithos/internal/domain/events.go:366.65,368.2 1 0
github.com/JackMatanky/lithos/internal/domain/events.go:375.31,376.22 1 1
github.com/JackMatanky/lithos/internal/domain/events.go:376.22,378.3 1 1
github.com/JackMatanky/lithos/internal/domain/events.go:379.2,379.23 1 1
github.com/JackMatanky/lithos/internal/domain/events.go:379.23,381.3 1 0
github.com/JackMatanky/lithos/internal/domain/events.go:382.2,383.16 2 1
github.com/JackMatanky/lithos/internal/domain/events.go:383.16,385.3 1 0
github.com/JackMatanky/lithos/internal/domain/events.go:386.2,390.8 1 1
github.com/JackMatanky/lithos/internal/domain/events.go:398.22,400.16 2 1
github.com/JackMatanky/lithos/internal/domain/events.go:400.16,401.13 1 0
github.com/JackMatanky/lithos/internal/domain/events.go:403.2,403.14 1 1
github.com/JackMatanky/lithos/internal/domain/events.go:407.49,409.2 1 1
github.com/JackMatanky/lithos/internal/domain/events.go:412.49,414.2 1 1
github.com/JackMatanky/lithos/internal/domain/events.go:420.34,421.22 1 1
github.com/JackMatanky/lithos/internal/domain/events.go:421.22,423.3 1 1
github.com/JackMatanky/lithos/internal/domain/events.go:424.2,425.16 2 1
github.com/JackMatanky/lithos/internal/domain/events.go:425.16,427.3 1 0
github.com/JackMatanky/lithos/internal/domain/events.go:428.2,428.78 1 1
github.com/JackMatanky/lithos/internal/domain/events.go:435.25,437.16 2 1
github.com/JackMatanky/lithos/internal/domain/events.go:437.16,438.13 1 0
github.com/JackMatanky/lithos/internal/domain/events.go:440.2,440.14 1 1
github.com/JackMatanky/lithos/internal/domain/events.go:444.50,446.2 1 1
github.com/JackMatanky/lithos/internal/domain/events.go:453.32,454.38 1 1
github.com/JackMatanky/lithos/internal/domain/events.go:454.38,456.3 1 1
github.com/JackMatanky/lithos/internal/domain/events.go:457.2,458.16 2 1
github.com/JackMatanky/lithos/internal/domain/events.go:458.16,460.3 1 0
github.com/JackMatanky/lithos/internal/domain/events.go:461.2,462.28 2 1
github.com/JackMatanky/lithos/internal/domain/events.go:462.28,464.3 1 1
github.com/JackMatanky/lithos/internal/domain/events.go:465.2,469.8 1 1
github.com/JackMatanky/lithos/internal/domain/events.go:477.23,479.16 2 1
github.com/JackMatanky/lithos/internal/domain/events.go:479.16,480.13 1 0
github.com/JackMatanky/lithos/internal/domain/events.go:482.2,482.14 1 1
github.com/JackMatanky/lithos/internal/domain/events.go:486.47,488.2 1 1
github.com/JackMatanky/lithos/internal/domain/events.go:491.58,493.30 2 1
github.com/JackMatanky/lithos/internal/domain/events.go:493.30,495.3 1 1
github.com/JackMatanky/lithos/internal/domain/events.go:496.2,496.20 1 1
github.com/JackMatanky/lithos/internal/domain/events.go:505.33,506.16 1 0
github.com/JackMatanky/lithos/internal/domain/events.go:506.16,508.3 1 0
github.com/JackMatanky/lithos/internal/domain/events.go:509.2,509.14 1 0
github.com/JackMatanky/lithos/internal/domain/events.go:509.14,511.3 1 0
github.com/JackMatanky/lithos/internal/domain/events.go:512.2,513.16 2 0
github.com/JackMatanky/lithos/internal/domain/events.go:513.16,515.3 1 0
github.com/JackMatanky/lithos/internal/domain/events.go:517.2,524.8 3 0
github.com/JackMatanky/lithos/internal/domain/events.go:533.24,535.16 2 0
github.com/JackMatanky/lithos/internal/domain/events.go:535.16,536.13 1 0
github.com/JackMatanky/lithos/internal/domain/events.go:538.2,538.14 1 0
github.com/JackMatanky/lithos/internal/domain/events.go:542.45,544.2 1 0
github.com/JackMatanky/lithos/internal/domain/events.go:547.42,549.2 1 0
github.com/JackMatanky/lithos/internal/domain/events.go:552.48,556.2 3 0
github.com/JackMatanky/lithos/internal/domain/events.go:563.37,564.16 1 0
github.com/JackMatanky/lithos/internal/domain/events.go:564.16,566.3 1 0
github.com/JackMatanky/lithos/internal/domain/events.go:567.2,568.16 2 0
github.com/JackMatanky/lithos/internal/domain/events.go:568.16,570.3 1 0
github.com/JackMatanky/lithos/internal/domain/events.go:572.2,577.8 3 0
github.com/JackMatanky/lithos/internal/domain/events.go:585.28,587.16 2 0
github.com/JackMatanky/lithos/internal/domain/events.go:587.16,588.13 1 0
github.com/JackMatanky/lithos/internal/domain/events.go:590.2,590.14 1 0
github.com/JackMatanky/lithos/internal/domain/events.go:594.52,598.2 3 0
github.com/JackMatanky/lithos/internal/domain/events.go:604.29,605.21 1 0
github.com/JackMatanky/lithos/internal/domain/events.go:605.21,607.3 1 0
github.com/JackMatanky/lithos/internal/domain/events.go:608.2,609.16 2 0
github.com/JackMatanky/lithos/internal/domain/events.go:609.16,611.3 1 0
github.com/JackMatanky/lithos/internal/domain/events.go:612.2,615.8 1 0
github.com/JackMatanky/lithos/internal/domain/events.go:622.20,624.16 2 0
github.com/JackMatanky/lithos/internal/domain/events.go:624.16,625.13 1 0
github.com/JackMatanky/lithos/internal/domain/events.go:627.2,627.14 1 0
github.com/JackMatanky/lithos/internal/domain/events.go:631.39,633.2 1 0
github.com/JackMatanky/lithos/internal/domain/events.go:639.49,640.21 1 0
github.com/JackMatanky/lithos/internal/domain/events.go:640.21,642.3 1 0
github.com/JackMatanky/lithos/internal/domain/events.go:643.2,648.16 2 0
github.com/JackMatanky/lithos/internal/domain/events.go:648.16,650.3 1 0
github.com/JackMatanky/lithos/internal/domain/events.go:651.2,654.8 1 0
github.com/JackMatanky/lithos/internal/domain/events.go:661.40,663.16 2 0
github.com/JackMatanky/lithos/internal/domain/events.go:663.16,664.13 1 0
github.com/JackMatanky/lithos/internal/domain/events.go:666.2,666.14 1 0
github.com/JackMatanky/lithos/internal/domain/events.go:670.59,672.2 1 0
github.com/JackMatanky/lithos/internal/domain/events.go:678.37,679.21 1 0
github.com/JackMatanky/lithos/internal/domain/events.go:679.21,681.3 1 0
github.com/JackMatanky/lithos/internal/domain/events.go:682.2,683.16 2 0
github.com/JackMatanky/lithos/internal/domain/events.go:683.16,685.3 1 0
github.com/JackMatanky/lithos/internal/domain/events.go:686.2,689.8 1 0
github.com/JackMatanky/lithos/internal/domain/events.go:696.28,698.16 2 0
github.com/JackMatanky/lithos/internal/domain/events.go:698.16,699.13 1 0
github.com/JackMatanky/lithos/internal/domain/events.go:701.2,701.14 1 0
github.com/JackMatanky/lithos/internal/domain/events.go:705.47,707.2 1 0
github.com/JackMatanky/lithos/internal/domain/note.go:80.45,86.2 1 1
github.com/JackMatanky/lithos/internal/domain/note.go:89.40,95.2 1 1
github.com/JackMatanky/lithos/internal/domain/note.go:103.56,105.27 2 1
github.com/JackMatanky/lithos/internal/domain/note.go:105.27,107.3 1 1
github.com/JackMatanky/lithos/internal/domain/note.go:108.2,110.3 1 1
github.com/JackMatanky/lithos/internal/domain/note.go:116.41,122.20 3 1
github.com/JackMatanky/lithos/internal/domain/note.go:123.19,124.54 1 1
github.com/JackMatanky/lithos/internal/domain/note.go:125.20,126.53 1 1
github.com/JackMatanky/lithos/internal/domain/note.go:127.10,128.67 1 1
github.com/JackMatanky/lithos/internal/domain/note.go:131.2,131.36 1 1
github.com/JackMatanky/lithos/internal/domain/note.go:131.36,132.57 1 1
github.com/JackMatanky/lithos/internal/domain/note.go:132.57,134.4 1 1
github.com/JackMatanky/lithos/internal/domain/note.go:137.2,137.11 1 1
github.com/JackMatanky/lithos/internal/domain/note.go:143.42,145.2 1 1
github.com/JackMatanky/lithos/internal/domain/note.go:158.17,176.40 6 1
github.com/JackMatanky/lithos/internal/domain/note.go:176.40,178.3 1 1
github.com/JackMatanky/lithos/internal/domain/note.go:180.2,180.18 1 1
github.com/JackMatanky/lithos/internal/domain/note.go:191.32,192.37 1 1
github.com/JackMatanky/lithos/internal/domain/note.go:192.37,197.3 1 1
github.com/JackMatanky/lithos/internal/domain/note.go:198.2,198.33 1 1
github.com/JackMatanky/lithos/internal/domain/note.go:198.33,203.3 1 1
github.com/JackMatanky/lithos/internal/domain/note.go:207.2,207.12 1 1
github.com/JackMatanky/lithos/internal/domain/note.go:212.52,216.2 3 1
github.com/JackMatanky/lithos/internal/domain/note.go:220.35,222.2 1 1
github.com/JackMatanky/lithos/internal/domain/note.go:226.34,228.2 1 1
github.com/JackMatanky/lithos/internal/domain/note.go:232.30,234.2 1 1
github.com/JackMatanky/lithos/internal/domain/note.go:238.34,240.2 1 1
github.com/JackMatanky/lithos/internal/domain/note.go:244.52,246.2 1 1
github.com/JackMatanky/lithos/internal/domain/note.go:251.63,253.9 2 1
github.com/JackMatanky/lithos/internal/domain/note.go:253.9,255.3 1 1
github.com/JackMatanky/lithos/internal/domain/note.go:256.2,257.16 2 1
github.com/JackMatanky/lithos/internal/domain/note.go:264.50,267.2 2 1
github.com/JackMatanky/lithos/internal/domain/note.go:272.43,275.2 2 1
github.com/JackMatanky/lithos/internal/domain/note.go:288.48,290.9 2 1
github.com/JackMatanky/lithos/internal/domain/note.go:290.9,292.3 1 1
github.com/JackMatanky/lithos/internal/domain/note.go:293.2,294.11 2 1
github.com/JackMatanky/lithos/internal/domain/note.go:302.48,304.2 1 1
github.com/JackMatanky/lithos/internal/domain/note.go:309.47,311.9 2 1
github.com/JackMatanky/lithos/internal/domain/note.go:311.9,313.3 1 1
github.com/JackMatanky/lithos/internal/domain/note.go:314.2,314.20 1 1
github.com/JackMatanky/lithos/internal/domain/note.go:315.23,316.14 1 1
github.com/JackMatanky/lithos/internal/domain/note.go:317.10,318.15 1 1
github.com/JackMatanky/lithos/internal/domain/note.go:326.45,328.9 2 1
github.com/JackMatanky/lithos/internal/domain/note.go:328.9,330.3 1 1
github.com/JackMatanky/lithos/internal/domain/note.go:331.2,331.20 1 1
github.com/JackMatanky/lithos/internal/domain/note.go:332.27,333.14 1 1
github.com/JackMatanky/lithos/internal/domain/note.go:334.10,335.15 1 1
github.com/JackMatanky/lithos/internal/domain/note.go:344.46,346.2 1 1
github.com/JackMatanky/lithos/internal/domain/note.go:353.45,355.2 1 1
github.com/JackMatanky/lithos/internal/domain/note.go:363.44,365.2 1 1
github.com/JackMatanky/lithos/internal/domain/note.go:371.37,372.47 1 1
github.com/JackMatanky/lithos/internal/domain/note.go:372.47,374.3 1 1
github.com/JackMatanky/lithos/internal/domain/note.go:375.2,375.11 1 1
github.com/JackMatanky/lithos/internal/domain/note.go:382.40,383.16 1 1
github.com/JackMatanky/lithos/internal/domain/note.go:383.16,385.3 1 0
github.com/JackMatanky/lithos/internal/domain/note.go:388.2,388.40 1 1
github.com/JackMatanky/lithos/internal/domain/note.go:388.40,390.3 1 1
github.com/JackMatanky/lithos/internal/domain/note.go:393.2,393.37 1 1
github.com/JackMatanky/lithos/internal/domain/note.go:393.37,395.33 2 1
github.com/JackMatanky/lithos/internal/domain/note.go:395.33,396.48 1 1
github.com/JackMatanky/lithos/internal/domain/note.go:396.48,398.5 1 1
github.com/JackMatanky/lithos/internal/domain/note.go:400.3,400.16 1 1
github.com/JackMatanky/lithos/internal/domain/note.go:404.2,404.33 1 1
github.com/JackMatanky/lithos/internal/domain/note.go:404.33,406.3 1 1
github.com/JackMatanky/lithos/internal/domain/note.go:408.2,408.19 1 1
github.com/JackMatanky/lithos/internal/domain/note.go:415.41,417.9 2 1
github.com/JackMatanky/lithos/internal/domain/note.go:417.9,419.3 1 1
github.com/JackMatanky/lithos/internal/domain/note.go:420.2,420.29 1 1
github.com/JackMatanky/lithos/internal/domain/property.go:49.22,57.2 1 1
github.com/JackMatanky/lithos/internal/domain/property.go:68.22,82.50 3 1
github.com/JackMatanky/lithos/internal/domain/property.go:82.50,84.3 1 1
github.com/JackMatanky/lithos/internal/domain/property.go:86.2,86.23 1 1
github.com/JackMatanky/lithos/internal/domain/property.go:92.56,93.17 1 1
github.com/JackMatanky/lithos/internal/domain/property.go:93.17,95.3 1 1
github.com/JackMatanky/lithos/internal/domain/property.go:97.2,97.53 1 1
github.com/JackMatanky/lithos/internal/domain/property.go:97.53,99.3 1 1
github.com/JackMatanky/lithos/internal/domain/property.go:102.2,102.51 1 1
github.com/JackMatanky/lithos/internal/domain/property.go:102.51,104.3 1 1
github.com/JackMatanky/lithos/internal/domain/property.go:105.2,105.66 1 1
github.com/JackMatanky/lithos/internal/domain/property.go:105.66,107.3 1 1
github.com/JackMatanky/lithos/internal/domain/property.go:110.2,111.12 2 1
github.com/JackMatanky/lithos/internal/domain/property.go:115.46,116.16 1 1
github.com/JackMatanky/lithos/internal/domain/property.go:116.16,118.3 1 1
github.com/JackMatanky/lithos/internal/domain/property.go:119.2,119.52 1 1
github.com/JackMatanky/lithos/internal/domain/property.go:123.50,124.17 1 1
github.com/JackMatanky/lithos/internal/domain/property.go:124.17,126.3 1 1
github.com/JackMatanky/lithos/internal/domain/property.go:127.2,127.50 1 1
github.com/JackMatanky/lithos/internal/domain/property.go:135.9,136.43 1 1
github.com/JackMatanky/lithos/internal/domain/property.go:136.43,138.3 1 1
github.com/JackMatanky/lithos/internal/domain/property.go:139.2,139.12 1 1
github.com/JackMatanky/lithos/internal/domain/property.go:145.58,148.2 2 0
github.com/JackMatanky/lithos/internal/domain/property.go:152.64,155.16 2 1
github.com/JackMatanky/lithos/internal/domain/property.go:155.16,158.3 1 0
github.com/JackMatanky/lithos/internal/domain/property.go:161.2,163.36 3 1
github.com/JackMatanky/lithos/internal/domain/property_bank.go:46.77,47.56 1 1
github.com/JackMatanky/lithos/internal/domain/property_bank.go:47.56,49.3 1 1
github.com/JackMatanky/lithos/internal/domain/property_bank.go:51.2,51.86 1 1
github.com/JackMatanky/lithos/internal/domain/property_bank.go:51.86,53.3 1 1
github.com/JackMatanky/lithos/internal/domain/property_bank.go:55.2,57.8 1 1
github.com/JackMatanky/lithos/internal/domain/property_bank.go:63.60,66.2 2 1
github.com/JackMatanky/lithos/internal/domain/property_bank.go:69.64,71.29 2 1
github.com/JackMatanky/lithos/internal/domain/property_bank.go:71.29,72.15 1 1
github.com/JackMatanky/lithos/internal/domain/property_bank.go:72.15,74.4 1 1
github.com/JackMatanky/lithos/internal/domain/property_bank.go:76.2,76.29 1 1
github.com/JackMatanky/lithos/internal/domain/property_bank.go:84.9,86.35 2 1
github.com/JackMatanky/lithos/internal/domain/property_bank.go:86.35,87.47 1 1
github.com/JackMatanky/lithos/internal/domain/property_bank.go:87.47,89.4 1 1
github.com/JackMatanky/lithos/internal/domain/property_bank.go:91.2,91.29 1 1
github.com/JackMatanky/lithos/internal/domain/property_bank.go:95.74,97.35 2 1
github.com/JackMatanky/lithos/internal/domain/property_bank.go:97.35,99.3 1 1
github.com/JackMatanky/lithos/internal/domain/property_bank.go:100.2,100.12 1 1
github.com/JackMatanky/lithos/internal/domain/property_bank.go:110.43,112.33 2 1
github.com/JackMatanky/lithos/internal/domain/property_bank.go:112.33,115.3 2 1
github.com/JackMatanky/lithos/internal/domain/property_bank.go:116.2,118.29 2 1
github.com/JackMatanky/lithos/internal/domain/property_bank.go:118.29,126.3 3 1
github.com/JackMatanky/lithos/internal/domain/property_bank.go:128.2,130.29 3 1
github.com/JackMatanky/lithos/internal/domain/property_bank.go:138.50,143.2 3 1
github.com/JackMatanky/lithos/internal/domain/property_bank.go:147.36,153.2 4 1
github.com/JackMatanky/lithos/internal/domain/property_spec.go:95.45,97.2 1 1
github.com/JackMatanky/lithos/internal/domain/property_spec.go:107.58,108.21 1 1
github.com/JackMatanky/lithos/internal/domain/property_spec.go:108.21,110.3 1 1
github.com/JackMatanky/lithos/internal/domain/property_spec.go:111.2,111.28 1 1
github.com/JackMatanky/lithos/internal/domain/property_spec.go:111.28,113.17 2 1
github.com/JackMatanky/lithos/internal/domain/property_spec.go:113.17,115.4 1 1
github.com/JackMatanky/lithos/internal/domain/property_spec.go:116.3,116.26 1 1
github.com/JackMatanky/lithos/internal/domain/property_spec.go:118.2,118.12 1 1
github.com/JackMatanky/lithos/internal/domain/property_spec.go:124.47,125.21 1 0
github.com/JackMatanky/lithos/internal/domain/property_spec.go:125.21,127.3 1 0
github.com/JackMatanky/lithos/internal/domain/property_spec.go:128.2,128.28 1 0
github.com/JackMatanky/lithos/internal/domain/property_spec.go:128.28,132.17 2 0
github.com/JackMatanky/lithos/internal/domain/property_spec.go:132.17,134.4 1 0
github.com/JackMatanky/lithos/internal/domain/property_spec.go:135.3,135.26 1 0
github.com/JackMatanky/lithos/internal/domain/property_spec.go:137.2,137.43 1 0
github.com/JackMatanky/lithos/internal/domain/property_spec.go:141.45,143.2 1 1
github.com/JackMatanky/lithos/internal/domain/property_spec.go:150.57,151.58 1 1
github.com/JackMatanky/lithos/internal/domain/property_spec.go:151.58,153.3 1 1
github.com/JackMatanky/lithos/internal/domain/property_spec.go:154.2,154.35 1 1
github.com/JackMatanky/lithos/internal/domain/property_spec.go:158.43,160.2 1 1
github.com/JackMatanky/lithos/internal/domain/property_spec.go:167.55,169.2 1 1
github.com/JackMatanky/lithos/internal/domain/property_spec.go:172.43,174.2 1 1
github.com/JackMatanky/lithos/internal/domain/property_spec.go:181.55,182.20 1 1
github.com/JackMatanky/lithos/internal/domain/property_spec.go:182.20,185.3 1 1
github.com/JackMatanky/lithos/internal/domain/property_spec.go:187.2,200.36 2 1
github.com/JackMatanky/lithos/internal/domain/property_spec.go:200.36,201.40 1 1
github.com/JackMatanky/lithos/internal/domain/property_spec.go:201.40,203.4 1 1
github.com/JackMatanky/lithos/internal/domain/property_spec.go:205.2,207.3 1 1
github.com/JackMatanky/lithos/internal/domain/property_spec.go:211.43,213.2 1 1
github.com/JackMatanky/lithos/internal/domain/property_spec.go:221.56,222.98 1 1
github.com/JackMatanky/lithos/internal/domain/property_spec.go:222.98,224.3 1 1
github.com/JackMatanky/lithos/internal/domain/property_spec.go:225.2,229.3 1 1
github.com/JackMatanky/lithos/internal/domain/property_spec.go:233.57,234.57 1 1
github.com/JackMatanky/lithos/internal/domain/property_spec.go:234.57,240.3 1 1
github.com/JackMatanky/lithos/internal/domain/property_spec.go:241.2,241.12 1 1
github.com/JackMatanky/lithos/internal/domain/property_spec.go:245.46,246.31 1 1
github.com/JackMatanky/lithos/internal/domain/property_spec.go:246.31,248.3 1 1
github.com/JackMatanky/lithos/internal/domain/property_spec.go:249.2,249.12 1 1
github.com/JackMatanky/lithos/internal/domain/property_spec.go:257.9,258.17 1 1
github.com/JackMatanky/lithos/internal/domain/property_spec.go:258.17,260.3 1 1
github.com/JackMatanky/lithos/internal/domain/property_spec.go:261.2,261.22 1 1
github.com/JackMatanky/lithos/internal/domain/property_spec.go:261.22,264.17 3 1
github.com/JackMatanky/lithos/internal/domain/property_spec.go:264.17,266.4 1 1
github.com/JackMatanky/lithos/internal/domain/property_spec.go:267.3,267.20 1 1
github.com/JackMatanky/lithos/internal/domain/property_spec.go:269.2,269.12 1 1
github.com/JackMatanky/lithos/internal/domain/schema.go:76.20,93.62 6 1
github.com/JackMatanky/lithos/internal/domain/schema.go:93.62,95.3 1 0
github.com/JackMatanky/lithos/internal/domain/schema.go:97.2,97.21 1 1
github.com/JackMatanky/lithos/internal/domain/schema.go:117.54,119.9 1 1
github.com/JackMatanky/lithos/internal/domain/schema.go:120.20,121.19 1 0
github.com/JackMatanky/lithos/internal/domain/schema.go:122.10,122.10 0 1
github.com/JackMatanky/lithos/internal/domain/schema.go:125.2,125.41 1 1
github.com/JackMatanky/lithos/internal/domain/schema.go:125.41,127.3 1 1
github.com/JackMatanky/lithos/internal/domain/schema.go:129.2,129.55 1 1
github.com/JackMatanky/lithos/internal/domain/schema.go:129.55,131.3 1 1
github.com/JackMatanky/lithos/internal/domain/schema.go:133.2,133.50 1 1
github.com/JackMatanky/lithos/internal/domain/schema.go:133.50,135.3 1 1
github.com/JackMatanky/lithos/internal/domain/schema.go:137.2,137.12 1 1
github.com/JackMatanky/lithos/internal/domain/schema.go:141.39,142.18 1 1
github.com/JackMatanky/lithos/internal/domain/schema.go:142.18,149.3 1 1
github.com/JackMatanky/lithos/internal/domain/schema.go:150.2,150.12 1 1
github.com/JackMatanky/lithos/internal/domain/schema.go:154.53,155.44 1 1
github.com/JackMatanky/lithos/internal/domain/schema.go:155.44,162.3 1 1
github.com/JackMatanky/lithos/internal/domain/schema.go:163.2,163.12 1 1
github.com/JackMatanky/lithos/internal/domain/schema.go:171.64,175.36 3 1
github.com/JackMatanky/lithos/internal/domain/schema.go:175.36,177.35 1 1
github.com/JackMatanky/lithos/internal/domain/schema.go:177.35,179.4 1 0
github.com/JackMatanky/lithos/internal/domain/schema.go:182.3,182.71 1 1
github.com/JackMatanky/lithos/internal/domain/schema.go:182.71,184.12 2 0
github.com/JackMatanky/lithos/internal/domain/schema.go:188.3,188.44 1 1
github.com/JackMatanky/lithos/internal/domain/schema.go:188.44,193.4 1 1
github.com/JackMatanky/lithos/internal/domain/schema.go:196.2,196.19 1 1
github.com/JackMatanky/lithos/internal/domain/schema.go:196.19,198.3 1 1
github.com/JackMatanky/lithos/internal/domain/schema.go:199.2,199.12 1 1
github.com/JackMatanky/lithos/internal/domain/schema.go:207.9,208.16 1 1
github.com/JackMatanky/lithos/internal/domain/schema.go:208.16,215.3 1 0
github.com/JackMatanky/lithos/internal/domain/schema.go:216.2,217.12 2 1
github.com/JackMatanky/lithos/internal/domain/template.go:46.40,48.2 1 1
github.com/JackMatanky/lithos/internal/domain/template.go:51.41,53.2 1 0
github.com/JackMatanky/lithos/internal/domain/template.go:56.58,58.21 1 1
github.com/JackMatanky/lithos/internal/domain/template.go:58.21,62.38 1 1
github.com/JackMatanky/lithos/internal/domain/template.go:62.38,64.5 1 0
github.com/JackMatanky/lithos/internal/domain/template.go:68.38,73.5 1 0
github.com/JackMatanky/lithos/internal/domain/template.go:77.3,78.17 2 1
github.com/JackMatanky/lithos/internal/domain/template.go:78.17,80.4 1 1
github.com/JackMatanky/lithos/internal/domain/template.go:81.3,81.18 1 1
github.com/JackMatanky/lithos/internal/domain/template.go:84.2,85.61 2 1
github.com/JackMatanky/lithos/internal/domain/template.go:85.61,87.3 1 0
github.com/JackMatanky/lithos/internal/domain/template.go:88.2,88.26 1 1
github.com/JackMatanky/lithos/internal/domain/template.go:94.45,96.2 1 1
github.com/JackMatanky/lithos/internal/domain/template.go:100.38,102.2 1 1
github.com/JackMatanky/lithos/internal/domain/template.go:108.58,114.2 1 1
github.com/JackMatanky/lithos/internal/ports/spi/cache.go:380.64,382.17 2 1
github.com/JackMatanky/lithos/internal/ports/spi/cache.go:382.17,384.3 1 1
github.com/JackMatanky/lithos/internal/ports/spi/cache.go:385.2,386.17 2 1
github.com/JackMatanky/lithos/internal/ports/spi/cache.go:386.17,388.3 1 1
github.com/JackMatanky/lithos/internal/ports/spi/cache.go:389.2,392.8 1 1
github.com/JackMatanky/lithos/internal/shared/errors/cache.go:45.20,52.2 1 0
github.com/JackMatanky/lithos/internal/shared/errors/cache.go:62.19,69.2 1 0
github.com/JackMatanky/lithos/internal/shared/errors/cache.go:79.21,86.2 1 0
github.com/JackMatanky/lithos/internal/shared/errors/cache.go:90.42,98.2 1 0
github.com/JackMatanky/lithos/internal/shared/errors/cache.go:101.41,103.2 1 0
github.com/JackMatanky/lithos/internal/shared/errors/cache.go:107.41,115.2 1 0
github.com/JackMatanky/lithos/internal/shared/errors/cache.go:118.40,120.2 1 0
github.com/JackMatanky/lithos/internal/shared/errors/cache.go:124.43,132.2 1 0
github.com/JackMatanky/lithos/internal/shared/errors/cache.go:135.42,137.2 1 0
github.com/JackMatanky/lithos/internal/shared/errors/frontmatter.go:14.80,19.2 1 1
github.com/JackMatanky/lithos/internal/shared/errors/frontmatter.go:22.43,24.2 1 1
github.com/JackMatanky/lithos/internal/shared/errors/helpers.go:7.44,8.16 1 1
github.com/JackMatanky/lithos/internal/shared/errors/helpers.go:8.16,10.3 1 1
github.com/JackMatanky/lithos/internal/shared/errors/helpers.go:11.2,11.43 1 1
github.com/JackMatanky/lithos/internal/shared/errors/helpers.go:18.75,19.16 1 1
github.com/JackMatanky/lithos/internal/shared/errors/helpers.go:19.16,21.3 1 1
github.com/JackMatanky/lithos/internal/shared/errors/helpers.go:22.2,23.43 2 1
github.com/JackMatanky/lithos/internal/shared/errors/schema.go:14.75,20.2 1 1
github.com/JackMatanky/lithos/internal/shared/errors/schema.go:28.16,34.2 1 0
github.com/JackMatanky/lithos/internal/shared/errors/template.go:17.18,22.2 1 1
github.com/JackMatanky/lithos/internal/shared/errors/template.go:25.45,27.2 1 1
github.com/JackMatanky/lithos/internal/shared/errors/types.go:53.58,58.2 1 1
github.com/JackMatanky/lithos/internal/shared/errors/types.go:62.35,63.20 1 1
github.com/JackMatanky/lithos/internal/shared/errors/types.go:63.20,65.3 1 1
github.com/JackMatanky/lithos/internal/shared/errors/types.go:66.2,66.18 1 1
github.com/JackMatanky/lithos/internal/shared/errors/types.go:71.35,73.2 1 1
github.com/JackMatanky/lithos/internal/shared/errors/types.go:77.34,79.2 1 0
github.com/JackMatanky/lithos/internal/shared/errors/types.go:88.20,95.2 1 1
github.com/JackMatanky/lithos/internal/shared/errors/types.go:98.45,100.2 1 1
github.com/JackMatanky/lithos/internal/shared/errors/types.go:103.43,105.2 1 1
github.com/JackMatanky/lithos/internal/shared/errors/types.go:108.47,110.2 1 1
github.com/JackMatanky/lithos/internal/shared/errors/types.go:118.18,125.2 1 1
github.com/JackMatanky/lithos/internal/shared/errors/types.go:129.43,131.2 1 1
github.com/JackMatanky/lithos/internal/shared/errors/types.go:135.44,137.2 1 1
github.com/JackMatanky/lithos/internal/shared/errors/types.go:141.41,143.2 1 1
github.com/JackMatanky/lithos/internal/shared/errors/types.go:151.20,155.2 1 0
github.com/JackMatanky/lithos/internal/shared/logger/logger.go:79.63,81.2 1 0
github.com/JackMatanky/lithos/internal/shared/logger/logger.go:84.66,86.2 1 0
github.com/JackMatanky/lithos/internal/shared/logger/logger.go:89.74,93.2 1 0
github.com/JackMatanky/lithos/internal/shared/logger/logger.go:96.75,98.27 2 0
github.com/JackMatanky/lithos/internal/shared/logger/logger.go:98.27,100.3 1 0
github.com/JackMatanky/lithos/internal/shared/logger/logger.go:101.2,101.48 1 0
github.com/JackMatanky/lithos/internal/shared/logger/logger.go:105.54,107.2 1 0
github.com/JackMatanky/lithos/internal/shared/logger/logger.go:110.44,112.2 1 0
github.com/JackMatanky/lithos/internal/shared/logger/logger.go:115.43,117.2 1 0
github.com/JackMatanky/lithos/internal/shared/logger/logger.go:120.43,122.2 1 0
github.com/JackMatanky/lithos/internal/shared/logger/logger.go:125.44,127.2 1 0
github.com/JackMatanky/lithos/internal/shared/logger/logger.go:130.44,132.2 1 0
github.com/JackMatanky/lithos/internal/shared/logger/logger.go:139.3,141.27 2 0
github.com/JackMatanky/lithos/internal/shared/logger/logger.go:141.27,143.3 1 0
github.com/JackMatanky/lithos/internal/shared/logger/logger.go:144.2,144.16 1 0
github.com/JackMatanky/lithos/internal/shared/logger/logger.go:144.16,146.3 1 0
github.com/JackMatanky/lithos/internal/shared/logger/logger.go:147.2,147.34 1 0
github.com/JackMatanky/lithos/internal/shared/logger/logger.go:155.57,160.2 3 1
github.com/JackMatanky/lithos/internal/shared/logger/logger.go:164.73,173.2 2 1
github.com/JackMatanky/lithos/internal/shared/logger/logger.go:177.47,179.68 1 1
github.com/JackMatanky/lithos/internal/shared/logger/logger.go:179.68,187.3 1 0
github.com/JackMatanky/lithos/internal/shared/logger/logger.go:189.2,189.15 1 1
github.com/JackMatanky/lithos/internal/shared/logger/logger.go:195.45,196.32 1 1
github.com/JackMatanky/lithos/internal/shared/logger/logger.go:197.15,198.28 1 1
github.com/JackMatanky/lithos/internal/shared/logger/logger.go:199.14,200.27 1 1
github.com/JackMatanky/lithos/internal/shared/logger/logger.go:201.25,202.27 1 1
github.com/JackMatanky/lithos/internal/shared/logger/logger.go:203.15,204.28 1 1
github.com/JackMatanky/lithos/internal/shared/logger/logger.go:205.10,206.27 1 1
github.com/JackMatanky/lithos/internal/shared/logger/logger.go:211.76,213.2 1 1
github.com/JackMatanky/lithos/internal/shared/logger/logger.go:216.76,218.2 1 1
github.com/JackMatanky/lithos/internal/shared/logger/logger.go:221.73,223.2 1 1
github.com/JackMatanky/lithos/internal/shared/logger/logger.go:226.31,228.2 1 1
github.com/JackMatanky/lithos/internal/shared/logger/logger.go:231.62,233.42 2 1
github.com/JackMatanky/lithos/internal/shared/logger/logger.go:233.42,234.32 1 1
github.com/JackMatanky/lithos/internal/shared/logger/logger.go:234.32,236.9 2 1
github.com/JackMatanky/lithos/internal/shared/logger/logger.go:240.2,240.21 1 1
github.com/JackMatanky/lithos/internal/shared/logger/logger.go:240.21,242.3 1 1
github.com/JackMatanky/lithos/internal/shared/logger/logger.go:244.2,245.37 2 1
github.com/JackMatanky/lithos/internal/shared/logger/logger.go:250.51,256.2 4 1
github.com/JackMatanky/lithos/internal/shared/logger/logger.go:260.48,264.20 3 1
github.com/JackMatanky/lithos/internal/shared/logger/logger.go:264.20,266.3 1 1
github.com/JackMatanky/lithos/internal/shared/logger/logger.go:269.2,270.62 2 1
github.com/JackMatanky/lithos/internal/shared/logger/logger.go:270.62,272.3 1 0
github.com/JackMatanky/lithos/internal/shared/logger/logger.go:273.2,277.20 3 1
github.com/JackMatanky/lithos/internal/shared/logger/logger.go:277.20,279.3 1 0
github.com/JackMatanky/lithos/internal/shared/logger/logger.go:280.2,283.65 2 1
github.com/JackMatanky/lithos/internal/shared/registry/service.go:56.31,61.2 1 1
github.com/JackMatanky/lithos/internal/shared/registry/service.go:65.50,70.13 4 1
github.com/JackMatanky/lithos/internal/shared/registry/service.go:70.13,73.3 2 1
github.com/JackMatanky/lithos/internal/shared/registry/service.go:74.2,74.19 1 1
github.com/JackMatanky/lithos/internal/shared/registry/service.go:79.47,85.2 4 1
github.com/JackMatanky/lithos/internal/shared/registry/service.go:89.43,94.25 4 1
github.com/JackMatanky/lithos/internal/shared/registry/service.go:94.25,96.3 1 1
github.com/JackMatanky/lithos/internal/shared/registry/service.go:97.2,98.13 2 1
github.com/JackMatanky/lithos/internal/shared/registry/service.go:103.59,109.2 4 1
github.com/JackMatanky/lithos/internal/shared/registry/service.go:113.31,118.2 3 1
github.com/JackMatanky/lithos/tests/utils/mocks.go:73.52,75.2 1 0
github.com/JackMatanky/lithos/tests/utils/mocks.go:79.59,81.2 1 0
github.com/JackMatanky/lithos/tests/utils/mocks.go:85.58,87.2 1 0
github.com/JackMatanky/lithos/tests/utils/mocks.go:94.9,95.26 1 0
github.com/JackMatanky/lithos/tests/utils/mocks.go:95.26,97.3 1 0
github.com/JackMatanky/lithos/tests/utils/mocks.go:98.2,98.24 1 0
github.com/JackMatanky/lithos/tests/utils/mocks.go:105.9,106.25 1 0
github.com/JackMatanky/lithos/tests/utils/mocks.go:106.25,108.3 1 0
github.com/JackMatanky/lithos/tests/utils/mocks.go:109.2,109.23 1 0
github.com/JackMatanky/lithos/tests/utils/mocks.go:122.58,124.2 1 0
github.com/JackMatanky/lithos/tests/utils/mocks.go:131.3,134.2 2 0
github.com/JackMatanky/lithos/tests/utils/mocks.go:140.27,142.2 1 0
github.com/JackMatanky/lithos/tests/utils/mocks.go:150.24,151.25 1 0
github.com/JackMatanky/lithos/tests/utils/mocks.go:151.25,153.3 1 0
github.com/JackMatanky/lithos/tests/utils/mocks.go:155.2,157.16 3 0
github.com/JackMatanky/lithos/tests/utils/mocks.go:157.16,159.3 1 0
github.com/JackMatanky/lithos/tests/utils/mocks.go:160.2,160.18 1 0
github.com/JackMatanky/lithos/tests/utils/mocks.go:174.52,176.2 1 0
github.com/JackMatanky/lithos/tests/utils/mocks.go:179.59,181.2 1 0
github.com/JackMatanky/lithos/tests/utils/mocks.go:184.58,186.2 1 0
github.com/JackMatanky/lithos/tests/utils/mocks.go:189.64,191.2 1 0
github.com/JackMatanky/lithos/tests/utils/mocks.go:195.73,197.2 1 0
github.com/JackMatanky/lithos/tests/utils/mocks.go:204.9,206.2 1 0
github.com/JackMatanky/lithos/tests/utils/mocks.go:212.9,214.2 1 0
github.com/JackMatanky/lithos/tests/utils/mocks.go:221.9,225.2 3 0
github.com/JackMatanky/lithos/tests/utils/mocks.go:238.58,240.2 1 0
github.com/JackMatanky/lithos/tests/utils/mocks.go:248.3,251.2 2 0
github.com/JackMatanky/lithos/tests/utils/mocks.go:255.72,257.2 1 0
github.com/JackMatanky/lithos/tests/utils/mocks.go:262.31,264.2 1 0
github.com/JackMatanky/lithos/tests/utils/mocks.go:272.9,274.2 1 0
github.com/JackMatanky/lithos/tests/utils/mocks.go:286.46,288.2 1 0
github.com/JackMatanky/lithos/tests/utils/mocks.go:293.80,296.2 2 0
github.com/JackMatanky/lithos/tests/utils/mocks.go:300.53,302.2 1 0
github.com/JackMatanky/lithos/tests/utils/mocks.go:306.60,308.2 1 0
github.com/JackMatanky/lithos/tests/utils/mocks.go:315.14,317.29 2 0
github.com/JackMatanky/lithos/tests/utils/mocks.go:317.29,319.3 1 0
github.com/JackMatanky/lithos/tests/utils/mocks.go:320.2,320.40 1 0
github.com/JackMatanky/lithos/tests/utils/mocks.go:324.60,326.2 1 0
github.com/JackMatanky/lithos/tests/utils/mocks.go:329.77,331.2 1 0
github.com/JackMatanky/lithos/tests/utils/mocks.go:343.44,345.2 1 0
github.com/JackMatanky/lithos/tests/utils/mocks.go:349.73,352.2 2 0
github.com/JackMatanky/lithos/tests/utils/mocks.go:359.3,362.2 2 0
github.com/JackMatanky/lithos/tests/utils/mocks.go:368.24,370.2 1 0
github.com/JackMatanky/lithos/tests/utils/mocks.go:375.24,377.2 1 0
github.com/JackMatanky/lithos/tests/utils/mocks.go:387.36,389.2 1 0
github.com/JackMatanky/lithos/tests/utils/mocks.go:393.48,395.2 1 0
github.com/JackMatanky/lithos/tests/utils/mocks.go:401.9,405.2 3 0
github.com/JackMatanky/lithos/tests/utils/mocks.go:408.45,410.2 1 0
github.com/JackMatanky/lithos/tests/utils/mocks.go:413.48,415.2 1 0
github.com/JackMatanky/lithos/tests/utils/mocks.go:425.46,427.2 1 0
github.com/JackMatanky/lithos/tests/utils/mocks.go:431.72,434.2 2 0
github.com/JackMatanky/lithos/tests/utils/mocks.go:439.23,441.2 1 0
github.com/JackMatanky/lithos/tests/utils/mocks.go:476.56,478.88 1 0
github.com/JackMatanky/lithos/tests/utils/mocks.go:478.88,480.4 1 0
github.com/JackMatanky/lithos/tests/utils/mocks.go:481.82,483.4 1 0
github.com/JackMatanky/lithos/tests/utils/mocks.go:484.90,486.4 1 0
github.com/JackMatanky/lithos/tests/utils/mocks.go:487.94,489.4 1 0
github.com/JackMatanky/lithos/tests/utils/mocks.go:490.78,492.4 1 0
github.com/JackMatanky/lithos/tests/utils/mocks.go:493.95,495.4 1 0
github.com/JackMatanky/lithos/tests/utils/mocks.go:520.3,521.90 1 0
github.com/JackMatanky/lithos/tests/utils/mocks.go:521.90,523.3 1 0
github.com/JackMatanky/lithos/tests/utils/mocks.go:531.3,532.84 1 0
github.com/JackMatanky/lithos/tests/utils/mocks.go:532.84,534.3 1 0
github.com/JackMatanky/lithos/tests/utils/mocks.go:543.3,544.92 1 0
github.com/JackMatanky/lithos/tests/utils/mocks.go:544.92,546.3 1 0
github.com/JackMatanky/lithos/tests/utils/mocks.go:554.3,555.96 1 0
github.com/JackMatanky/lithos/tests/utils/mocks.go:555.96,557.3 1 0
github.com/JackMatanky/lithos/tests/utils/mocks.go:565.3,566.80 1 0
github.com/JackMatanky/lithos/tests/utils/mocks.go:566.80,568.3 1 0
github.com/JackMatanky/lithos/tests/utils/mocks.go:576.3,577.97 1 0
github.com/JackMatanky/lithos/tests/utils/mocks.go:577.97,579.3 1 0
github.com/JackMatanky/lithos/tests/utils/mocks.go:586.26,590.2 3 0
github.com/JackMatanky/lithos/tests/utils/mocks.go:596.26,600.2 3 0
github.com/JackMatanky/lithos/tests/utils/mocks.go:607.26,611.2 3 0
github.com/JackMatanky/lithos/tests/utils/mocks.go:617.26,621.2 3 0
github.com/JackMatanky/lithos/tests/utils/mocks.go:627.26,631.2 3 0
github.com/JackMatanky/lithos/tests/utils/mocks.go:638.26,643.2 4 0
github.com/JackMatanky/lithos/tests/utils/mocks.go:649.24,653.2 1 0
github.com/JackMatanky/lithos/tests/utils/mocks.go:658.26,662.2 1 0
github.com/JackMatanky/lithos/tests/utils/mocks.go:666.41,680.2 13 0
github.com/JackMatanky/lithos/tests/utils/mocks.go:689.46,694.2 1 0
github.com/JackMatanky/lithos/tests/utils/mocks.go:699.3,701.2 1 0
github.com/JackMatanky/lithos/tests/utils/mocks.go:704.52,706.2 1 0
github.com/JackMatanky/lithos/tests/utils/mocks.go:711.32,713.30 2 0
github.com/JackMatanky/lithos/tests/utils/mocks.go:713.30,715.3 1 0
github.com/JackMatanky/lithos/tests/utils/mocks.go:716.2,716.17 1 0
github.com/JackMatanky/lithos/tests/utils/mocks.go:723.28,724.24 1 0
github.com/JackMatanky/lithos/tests/utils/mocks.go:724.24,726.3 1 0
github.com/JackMatanky/lithos/tests/utils/mocks.go:727.2,728.13 2 0
github.com/JackMatanky/lithos/tests/utils/mocks.go:728.13,730.3 1 0
github.com/JackMatanky/lithos/tests/utils/mocks.go:731.2,731.18 1 0
github.com/JackMatanky/lithos/tests/utils/mocks.go:745.54,747.2 1 0
github.com/JackMatanky/lithos/tests/utils/mocks.go:754.3,757.2 2 0
github.com/JackMatanky/lithos/tests/utils/mocks.go:764.3,767.2 2 0
github.com/JackMatanky/lithos/tests/utils/mocks.go:772.28,774.2 1 0
github.com/JackMatanky/lithos/tests/utils/mocks.go:780.28,782.2 1 0
github.com/JackMatanky/lithos/tests/utils/mocks.go:794.52,796.2 1 0
github.com/JackMatanky/lithos/tests/utils/mocks.go:800.74,803.2 2 0
github.com/JackMatanky/lithos/tests/utils/mocks.go:807.77,810.2 2 0
github.com/JackMatanky/lithos/tests/utils/mocks.go:816.24,818.2 1 0
github.com/JackMatanky/lithos/tests/utils/mocks.go:821.80,823.2 1 0
github.com/JackMatanky/lithos/tests/utils/mocks.go:836.38,845.2 1 0
github.com/JackMatanky/lithos/tests/utils/mocks.go:849.52,851.2 1 0
github.com/JackMatanky/lithos/tests/utils/mocks.go:855.54,857.2 1 0
github.com/JackMatanky/lithos/tests/utils/mocks.go:861.56,863.2 1 0
github.com/JackMatanky/lithos/tests/utils/mocks.go:867.53,869.2 1 0
github.com/JackMatanky/lithos/tests/utils/mocks.go:872.66,874.2 1 0
github.com/JackMatanky/lithos/tests/utils/mocks.go:877.54,879.2 1 0
github.com/JackMatanky/lithos/tests/utils/mocks.go:885.9,888.2 2 0
github.com/JackMatanky/lithos/tests/utils/mocks.go:894.9,897.2 2 0
github.com/JackMatanky/lithos/tests/utils/mocks.go:903.9,905.2 1 0
github.com/JackMatanky/lithos/tests/utils/mocks.go:908.60,910.2 1 0
github.com/JackMatanky/lithos/tests/utils/synthetic_vault.go:56.53,66.2 1 0
github.com/JackMatanky/lithos/tests/utils/synthetic_vault.go:69.48,79.2 1 0
github.com/JackMatanky/lithos/tests/utils/synthetic_vault.go:86.3,104.32 9 0
github.com/JackMatanky/lithos/tests/utils/synthetic_vault.go:104.32,113.3 1 0
github.com/JackMatanky/lithos/tests/utils/synthetic_vault.go:116.2,124.69 7 0
github.com/JackMatanky/lithos/tests/utils/synthetic_vault.go:128.53,139.2 2 0
github.com/JackMatanky/lithos/tests/utils/synthetic_vault.go:142.54,144.2 1 0
github.com/JackMatanky/lithos/tests/utils/synthetic_vault.go:147.56,149.2 1 0
github.com/JackMatanky/lithos/tests/utils/synthetic_vault.go:156.3,174.32 9 0
github.com/JackMatanky/lithos/tests/utils/synthetic_vault.go:174.32,178.17 3 0
github.com/JackMatanky/lithos/tests/utils/synthetic_vault.go:178.17,180.12 2 0
github.com/JackMatanky/lithos/tests/utils/synthetic_vault.go:182.3,182.60 1 0
github.com/JackMatanky/lithos/tests/utils/synthetic_vault.go:186.2,194.69 7 0
github.com/JackMatanky/lithos/tests/utils/synthetic_vault.go:199.59,203.23 3 0
github.com/JackMatanky/lithos/tests/utils/synthetic_vault.go:203.23,224.3 4 0
github.com/JackMatanky/lithos/tests/utils/synthetic_vault.go:227.64,231.23 3 0
github.com/JackMatanky/lithos/tests/utils/synthetic_vault.go:231.23,246.3 3 0
github.com/JackMatanky/lithos/tests/utils/synthetic_vault.go:249.56,254.23 4 0
github.com/JackMatanky/lithos/tests/utils/synthetic_vault.go:254.23,278.3 6 0
github.com/JackMatanky/lithos/tests/utils/synthetic_vault.go:281.59,285.23 3 0
github.com/JackMatanky/lithos/tests/utils/synthetic_vault.go:285.23,305.3 4 0
github.com/JackMatanky/lithos/tests/utils/synthetic_vault.go:308.56,313.23 4 0
github.com/JackMatanky/lithos/tests/utils/synthetic_vault.go:313.23,335.3 5 0
github.com/JackMatanky/lithos/tests/utils/tempfs.go:22.44,28.19 4 1
github.com/JackMatanky/lithos/tests/utils/tempfs.go:28.19,30.3 1 1
github.com/JackMatanky/lithos/tests/utils/tempfs.go:32.2,32.11 1 1
github.com/JackMatanky/lithos/tests/utils/tempfs.go:36.49,46.19 4 0
github.com/JackMatanky/lithos/tests/utils/tempfs.go:46.19,48.3 1 0
github.com/JackMatanky/lithos/tests/utils/tempfs.go:50.2,50.11 1 0
github.com/JackMatanky/lithos/tests/utils/tempfs.go:54.35,56.2 1 1
github.com/JackMatanky/lithos/tests/utils/tempfs.go:60.48,66.2 4 1
github.com/JackMatanky/lithos/tests/utils/tempfs.go:69.60,74.2 3 1
github.com/JackMatanky/lithos/tests/utils/tempfs.go:78.74,84.2 4 1
github.com/JackMatanky/lithos/tests/utils/tempfs.go:93.3,105.18 8 1
github.com/JackMatanky/lithos/tests/utils/tempfs.go:105.18,108.3 2 1
github.com/JackMatanky/lithos/tests/utils/tempfs.go:110.2,110.44 1 1
github.com/JackMatanky/lithos/tests/utils/tempfs.go:113.76,114.24 1 1
github.com/JackMatanky/lithos/tests/utils/tempfs.go:114.24,116.3 1 0
github.com/JackMatanky/lithos/tests/utils/tempfs.go:118.2,119.35 2 1
github.com/JackMatanky/lithos/tests/utils/tempfs.go:119.35,120.60 1 1
github.com/JackMatanky/lithos/tests/utils/tempfs.go:120.60,122.4 1 1
github.com/JackMatanky/lithos/tests/utils/tempfs.go:125.2,127.16 3 1
github.com/JackMatanky/lithos/tests/utils/tempfs.go:127.16,129.3 1 0
github.com/JackMatanky/lithos/tests/utils/tempfs.go:130.2,130.34 1 1
github.com/JackMatanky/lithos/tests/utils/tempfs.go:130.34,135.3 1 0
github.com/JackMatanky/lithos/tests/utils/tempfs.go:137.2,137.23 1 1
github.com/JackMatanky/lithos/tests/utils/tempfs.go:140.63,141.19 1 1
github.com/JackMatanky/lithos/tests/utils/tempfs.go:141.19,143.3 1 0
github.com/JackMatanky/lithos/tests/utils/tempfs.go:144.2,144.29 1 1
github.com/JackMatanky/lithos/tests/utils/tempfs.go:144.29,146.3 1 0
github.com/JackMatanky/lithos/tests/utils/tempfs.go:148.2,149.29 2 1
github.com/JackMatanky/lithos/tests/utils/tempfs.go:149.29,150.53 1 1
github.com/JackMatanky/lithos/tests/utils/tempfs.go:150.53,152.4 1 1
github.com/JackMatanky/lithos/tests/utils/tempfs.go:155.2,156.12 2 1
github.com/JackMatanky/lithos/tests/utils/tempfs.go:159.47,160.31 1 1
github.com/JackMatanky/lithos/tests/utils/tempfs.go:160.31,162.3 1 0
github.com/JackMatanky/lithos/tests/utils/tempfs.go:163.2,163.18 1 1
github.com/JackMatanky/lithos/tests/utils/tempfs.go:163.18,168.3 1 1
github.com/JackMatanky/lithos/tests/utils/tempfs.go:169.2,170.38 2 1
github.com/JackMatanky/lithos/tests/utils/tempfs.go:170.38,172.3 1 1
github.com/JackMatanky/lithos/tests/utils/tempfs.go:173.2,173.12 1 1
github.com/JackMatanky/lithos/tests/utils/tempfs.go:176.40,178.45 2 1
github.com/JackMatanky/lithos/tests/utils/tempfs.go:178.45,180.3 1 1
github.com/JackMatanky/lithos/tests/utils/tempfs.go:181.2,181.16 1 1
github.com/JackMatanky/lithos/tests/utils/tempfs.go:184.46,192.32 5 1
github.com/JackMatanky/lithos/tests/utils/tempfs.go:192.32,196.20 3 1
github.com/JackMatanky/lithos/tests/utils/tempfs.go:196.20,198.12 2 0
github.com/JackMatanky/lithos/tests/utils/tempfs.go:201.3,203.58 3 1
github.com/JackMatanky/lithos/tests/utils/tempfs.go:207.65,218.2 7 1
github.com/JackMatanky/lithos/tests/utils/testdata.go:25.37,27.2 1 1
github.com/JackMatanky/lithos/tests/utils/testdata.go:30.32,36.6 4 1
github.com/JackMatanky/lithos/tests/utils/testdata.go:36.6,37.74 1 1
github.com/JackMatanky/lithos/tests/utils/testdata.go:37.74,38.9 1 1
github.com/JackMatanky/lithos/tests/utils/testdata.go:41.3,42.20 2 1
github.com/JackMatanky/lithos/tests/utils/testdata.go:42.20,47.4 1 0
github.com/JackMatanky/lithos/tests/utils/testdata.go:48.3,48.15 1 1
github.com/JackMatanky/lithos/tests/utils/testdata.go:51.2,51.39 1 1
github.com/JackMatanky/lithos/tests/utils/testdata.go:56.52,64.38 5 1
github.com/JackMatanky/lithos/tests/utils/testdata.go:64.38,69.3 4 1
github.com/JackMatanky/lithos/tests/utils/testdata.go:72.2,82.13 5 0
github.com/JackMatanky/lithos/tests/utils/testdata.go:87.54,95.2 6 1
github.com/JackMatanky/lithos/tests/utils/testdata.go:97.56,98.31 1 1
github.com/JackMatanky/lithos/tests/utils/testdata.go:98.31,100.3 1 1
github.com/JackMatanky/lithos/tests/utils/testdata.go:103.60,111.2 2 1
github.com/JackMatanky/lithos/tests/utils/testdata.go:113.41,115.45 2 1
github.com/JackMatanky/lithos/tests/utils/testdata.go:115.45,117.3 1 1
github.com/JackMatanky/lithos/tests/utils/testdata.go:118.2,118.16 1 1
github.com/JackMatanky/lithos/tests/utils/testdata.go:121.50,126.2 3 1
github.com/JackMatanky/lithos/tests/utils/vault_helpers.go:23.43,27.6 4 0
github.com/JackMatanky/lithos/tests/utils/vault_helpers.go:27.6,28.74 1 0
github.com/JackMatanky/lithos/tests/utils/vault_helpers.go:28.74,30.4 1 0
github.com/JackMatanky/lithos/tests/utils/vault_helpers.go:31.3,32.20 2 0
github.com/JackMatanky/lithos/tests/utils/vault_helpers.go:32.20,34.4 1 0
github.com/JackMatanky/lithos/tests/utils/vault_helpers.go:35.3,35.15 1 0
github.com/JackMatanky/lithos/tests/utils/vault_helpers.go:40.46,55.2 5 0
github.com/JackMatanky/lithos/tests/utils/vault_helpers.go:58.61,73.2 7 0
github.com/JackMatanky/lithos/tests/utils/vault_helpers.go:77.71,87.2 4 0
github.com/JackMatanky/lithos/tests/utils/vault_helpers.go:90.52,94.2 3 0
github.com/JackMatanky/lithos/tests/utils/vault_helpers.go:97.45,104.32 5 0
github.com/JackMatanky/lithos/tests/utils/vault_helpers.go:104.32,108.20 3 0
github.com/JackMatanky/lithos/tests/utils/vault_helpers.go:108.20,110.4 1 0
github.com/JackMatanky/lithos/tests/utils/vault_helpers.go:110.9,112.4 1 0
github.com/JackMatanky/lithos/tests/utils/vault_helpers.go:117.62,126.29 4 0
github.com/JackMatanky/lithos/tests/utils/vault_helpers.go:126.29,128.10 2 0
github.com/JackMatanky/lithos/tests/utils/vault_helpers.go:129.43,132.23 2 0
github.com/JackMatanky/lithos/tests/utils/vault_helpers.go:132.23,133.59 1 0
github.com/JackMatanky/lithos/tests/utils/vault_helpers.go:133.59,135.6 1 0
github.com/JackMatanky/lithos/tests/utils/vault_helpers.go:137.43,140.23 2 0
github.com/JackMatanky/lithos/tests/utils/vault_helpers.go:140.23,141.59 1 0
github.com/JackMatanky/lithos/tests/utils/vault_helpers.go:141.59,143.6 1 0
github.com/JackMatanky/lithos/tests/utils/vault_helpers.go:145.44,147.54 2 0
github.com/JackMatanky/lithos/tests/utils/vault_helpers.go:151.2,151.14 1 0
